day,treatment,tank,probe_num,slope_nmol_hr,p.value,r.squared,slope_nmol_hr_blank,p.value_blank,r.squared_blank,slope_nmol_hr_corrected,blank_ratio,crab.ID,sex,integument.cont,weight,carapace.width,missing.legs,final.genotype,hasC,hasT,slope_nmol_hr_corrected_mean,slope_nmol_hr_corrected_SD,slope_nmol_hr_corrected_CV
07,15C,T2,4,-6311.95054602132,1.14227977318496e-320,0.984879283724786,-2214.69463977771,0,0.93963999642557,-6488.96652523891,0.350873255997502,15-031,M,1.5,20.19,44,Y,CC,Y,N,6032.93777854739,5291.01376001384,87.7021105509861
07,15C,T2,3,-15859.817183084,3.91252683226594e-131,0.968544376595329,-610.946230589945,2.82960965773159e-158,0.703175393451394,-15248.870952494,0.0385216439469162,15-032,M,1.5,17.99,42,Y,CC,Y,N,6032.93777854739,5291.01376001384,87.7021105509861
07,15C,T2,2,-16835.847091901,9.51892873953546e-175,0.986448817676654,177.015979217585,1.73764141154573e-84,0.473381784075168,-14621.1524521233,0.0105142306324901,15-035,F,1,22.76,48,Y,CT,Y,Y,6032.93777854739,5291.01376001384,87.7021105509861
07,15C,T5,2,-1941.9792208053,0,0.945181178762247,-378.224499421301,1.0576558211041e-293,0.912536441763359,-1563.754721384,0.194762382300084,15-097,M,2,23.11,48,Y,TT,N,Y,6032.93777854739,5291.01376001384,87.7021105509861
07,15C,T5,4,-2956.04430680364,1.63721281827846e-247,0.86366914689779,-278.849435448869,0,0.943961616643528,-2751.55708503864,0.0943319539585614,15-094,F,2,23.96,48,Y,TT,N,Y,6032.93777854739,5291.01376001384,87.7021105509861
07,15C,T5,3,-2434.01721325292,0,0.975061361221675,-204.487221765005,2.47547606856751e-53,0.349033649122477,-2155.16777780405,0.0840122332133057,15-096,F,3,23.27,47,Y,CT,Y,Y,6032.93777854739,5291.01376001384,87.7021105509861
07,15C,T8,4,-5730.21310970953,0,0.988146864191749,-273.677663237391,0,0.965013484985321,-5379.83272786884,0.0477604685894944,15-159,F,2.5,19.85,45,Y,CC,Y,N,6032.93777854739,5291.01376001384,87.7021105509861
07,15C,T8,2,-3994.73696973913,1.25048895331066e-283,0.8863525042225,-350.380381840686,0,0.989693454332521,-3744.43958092087,0.0877105012156949,15-158,F,2.5,20.95,44,Y,CT,Y,Y,6032.93777854739,5291.01376001384,87.7021105509861
07,15C,T8,3,-2616.37584729128,0,0.990618365942664,-250.297388818262,0,0.966082487533927,-2342.69818405389,0.0956656854470636,15-160,M,2.5,20.65,45,Y,CT,Y,Y,6032.93777854739,5291.01376001384,87.7021105509861
07,25C,T3,3,-2900.38764406827,0,0.953592531513752,-49.8181205980771,3.89809406476149e-88,0.511092252002329,-2799.12361057855,0.0171763663039879,25-052,M,2,19.09,41,Y,TT,N,Y,5882.43733514272,2624.61060074361,44.6177400830728
07,25C,T3,4,-2418.57310526281,0,0.953761546334127,-23.8638469928887,2.12916868776e-20,0.143389308475793,-2368.75498466473,0.00986691158557954,25-186,F,2.5,19.74,46,Y,CC,Y,N,5882.43733514272,2624.61060074361,44.6177400830728
07,25C,T3,2,-3671.72967908561,0,0.96908611372566,-101.264033489714,5.63210660737652e-313,0.924492222712856,-3647.86583209272,0.0275793814742191,25-060,M,2,21.6,46,Y,CC,Y,N,5882.43733514272,2624.61060074361,44.6177400830728
07,25C,T6,4,-6571.32214816158,2.79853797065106e-118,0.802531533162253,-103.358806143796,5.82756712862105e-82,0.531841352810072,-6604.46165020772,0.0157287687033746,25-116,F,2,20.39,43,Y,CT,Y,Y,5882.43733514272,2624.61060074361,44.6177400830728
07,25C,T6,3,-9821.26438460259,2.44324680887101e-90,0.833517435860265,-248.931957876554,4.0742286596403e-184,0.822367944006192,-9572.33242672603,0.0253462230654151,25-195,F,2,20.98,46,Y,TT,N,Y,5882.43733514272,2624.61060074361,44.6177400830728
07,25C,T6,2,-9313.59588284325,2.6025966751347e-99,0.919488674406187,33.1395020461374,2.16617602343035e-12,0.0967988180925549,-9210.23707669945,0.00355818552393757,25-115,M,2,22.49,46,Y,TT,N,Y,5882.43733514272,2624.61060074361,44.6177400830728
07,25C,T9,3,-5394.91708096939,2.43709954450625e-66,0.658454794146985,78.0579516015915,1.43921363150232e-08,0.0564020769131285,-5421.08134613556,0.0144687954291163,25-179,F,1.5,21.2,46,Y,CT,Y,Y,5882.43733514272,2624.61060074361,44.6177400830728
07,25C,T9,2,-7484.469862842,4.82242352070126e-240,0.968135471021221,26.1642651661672,1.53685874259118e-19,0.137320619168941,-7562.52781444359,0.00349580740461852,25-175,F,1.5,19.81,44,Y,CT,Y,Y,5882.43733514272,2624.61060074361,44.6177400830728
07,25C,T9,4,-5987.8254103606,5.4491756149871e-250,0.961322556128601,-232.274135624498,1.69021407820287e-315,0.9260589381737,-5755.5512747361,0.0387910668241261,25-174,M,1,20.27,47,Y,CT,Y,Y,5882.43733514272,2624.61060074361,44.6177400830728
07,05C,T1,2,-1071.03507769179,0,0.962411475480821,-220.061218002426,0,0.983553262308301,-850.973859689367,0.205465929721633,5-003,M,1.5,22.17,47,Y,CT,Y,Y,1475.1597200048,991.986733463649,67.2460561396307
07,05C,T1,3,-2599.41137455662,0,0.945387772725783,-146.757159607373,1.49786084049728e-161,0.811535729303909,-2452.65421494925,0.0564578431270444,5-005,M,2,17.66,43,Y,CT,Y,Y,1475.1597200048,991.986733463649,67.2460561396307
07,05C,T1,4,-1464.19223799768,0,0.982892586386068,-224.820995996629,2.19854720978424e-201,0.875765221306151,-1239.37124200105,0.153546091942187,5-010,F,1.5,15.72,40,Y,TT,N,Y,1475.1597200048,991.986733463649,67.2460561396307
07,05C,T4,4,-1661.93018985161,0,0.969494263112467,1.97919586009676,0.233856084285534,0.00252086378960479,-1463.40505677631,0.00119090192366834,5-061,M,1,25.33,48,Y,CT,Y,Y,1475.1597200048,991.986733463649,67.2460561396307
07,05C,T4,2,-665.977110173995,0,0.981425477005818,-198.525133075298,0,0.982266236169956,-634.80637466864,0.298096030693052,5-068,M,1,22.99,47,Y,CT,Y,Y,1475.1597200048,991.986733463649,67.2460561396307
07,05C,T4,3,-530.125807343679,0,0.587222880460288,-31.1707355053542,6.5996779551654e-61,0.382922637321633,-532.105003203775,0.0587987513030966,5-073,M,2,20.55,45,N,CT,Y,Y,1475.1597200048,991.986733463649,67.2460561396307
07,05C,T7,3,-1843.61013374067,0,0.808355125895134,-101.663364951151,3.4964232846222e-226,0.842582036932563,-1665.80324853851,0.0551436353546601,5-135,F,2,21.85,40,Y,CT,Y,Y,1475.1597200048,991.986733463649,67.2460561396307
07,05C,T7,2,-953.942422065995,0,0.965093891556264,-177.806885202158,0,0.989800725283661,-852.279057114843,0.186391632334658,5-125,M,1.5,20.43,46,Y,TT,N,Y,1475.1597200048,991.986733463649,67.2460561396307
07,05C,T7,4,-3654.33408512763,0,0.955824142477077,-69.294662026156,5.6903996057452e-112,0.596218199150804,-3585.03942310148,0.0189623226590504,5-131,M,2,22.79,47,Y,TT,N,Y,1475.1597200048,991.986733463649,67.2460561396307
14,15C,T2,2,-5688.304144048,0,0.990060305950859,-165.028121857117,1.03952130390828e-109,0.619480450084237,-5523.27602219088,0.0290118315895249,15-031,M,1.5,20.22,44,Y,CC,Y,N,3524.36949397418,1582.66311606851,44.9062766765653
14,15C,T2,3,-1839.43154432824,0,0.855123478205498,-116.765326203812,2.40620076980731e-129,0.680916104225906,-1722.66621812443,0.063479027835447,15-032,M,1,18.13,42,Y,CC,Y,N,3524.36949397418,1582.66311606851,44.9062766765653
14,15C,T2,4,-5366.14944763422,0,0.970346511784706,-220.763492221627,9.85362060595184e-313,0.938452104686686,-5145.38595541259,0.0411400193706783,15-035,F,2,23.23,48,Y,CT,Y,Y,3524.36949397418,1582.66311606851,44.9062766765653
14,15C,T5,3,-4354.77510927907,0,0.962240244290443,28.2508185062256,7.56548049518558e-39,0.264385590537052,-4324.52724397143,0.00648731973461254,15-096,F,3,22.98,47,Y,CT,Y,Y,3524.36949397418,1582.66311606851,44.9062766765653
14,15C,T5,2,-1890.9471059632,0,0.888712826151635,-30.2478653076422,3.61346087011828e-114,0.606107208855246,-1919.19792446942,0.0159961456416491,15-094,F,2,24.44,48,Y,TT,N,Y,3524.36949397418,1582.66311606851,44.9062766765653
14,15C,T5,4,-1900.22650962308,0,0.959893350641859,-29.2342956729497,3.21588444923501e-159,0.729052962750093,-1870.99221395013,0.015384637318184,15-097,M,2.5,22.86,48,Y,TT,N,Y,3524.36949397418,1582.66311606851,44.9062766765653
14,15C,T8,4,-4799.65414062027,0,0.985447946403261,37.7843035248112,5.17636593418397e-222,0.837601787388176,-4794.51155346877,0.00787229713179463,15-158,F,2.5,24,44,Y,CT,Y,Y,3524.36949397418,1582.66311606851,44.9062766765653
14,15C,T8,3,-4337.13156653797,0,0.977859415115808,-30.7180247066053,3.45644048834851e-57,0.366464764634924,-4306.41354183136,0.00708256695360647,15-159,F,2,19.82,45,Y,CC,Y,N,3524.36949397418,1582.66311606851,44.9062766765653
14,15C,T8,2,-2074.57046882379,0,0.911355036373418,-5.14258715150407,1.82525319619039e-06,0.0400917746774691,-2112.35477234861,0.0024788683868713,15-160,M,2,21.1,45,Y,CT,Y,Y,3524.36949397418,1582.66311606851,44.9062766765653
14,25C,T3,3,-9175.41537878958,2.63270445170071e-99,0.942549739992087,70.3660907478528,1.35731664210801e-90,0.551874570628803,-9079.40593341765,0.00766898149488852,25-052,M,2,18.82,41,Y,TT,N,Y,11079.7865148281,6555.83910482286,59.1693630202097
14,25C,T3,2,-2515.28302900404,0,0.949001226115051,-96.0094453719292,9.19639328017041e-192,0.8207605792333,-2585.6491197519,0.0381704342075354,25-186,F,3,19.96,46,Y,CC,Y,N,11079.7865148281,6555.83910482286,59.1693630202097
14,25C,T3,4,-5969.49876548415,4.08652100651866e-208,0.981151720548916,108.040655676927,6.02326600007614e-107,0.613536717275452,-6077.53942116108,0.0180987818108987,25-060,M,2,21.58,46,Y,CC,Y,N,11079.7865148281,6555.83910482286,59.1693630202097
14,25C,T6,2,-24284.9559751193,1.1279184946577e-82,0.968159168042616,-172.724520449184,0,0.968490547752801,-24112.2314546701,0.00711240821791671,25-116,F,2,20.25,43,Y,CT,Y,Y,11079.7865148281,6555.83910482286,59.1693630202097
14,25C,T6,3,-12822.1741379228,2.25132045802318e-95,0.92982589909965,138.520461565546,8.28870799276745e-162,0.729126709997875,-12960.6945994883,0.0108031960941678,25-115,M,2,21.63,46,Y,TT,N,Y,11079.7865148281,6555.83910482286,59.1693630202097
14,25C,T6,4,-16727.0307280365,1.25491671595673e-91,0.969909876963602,-83.2305222171056,2.21200743698248e-255,0.873964084543618,-16643.8002058193,0.00497580972799922,25-195,F,2.5,20.91,46,Y,TT,N,Y,11079.7865148281,6555.83910482286,59.1693630202097
14,25C,T9,4,-14040.8047518236,3.54239953276284e-153,0.979122498939305,-112.603358192182,2.56897606814578e-273,0.894584435838035,-13854.7707935721,0.00801972252890682,25-179,F,1,21.41,46,Y,CT,Y,Y,11079.7865148281,6555.83910482286,59.1693630202097
14,25C,T9,3,-6727.46693909367,8.47435538584201e-151,0.903492660312567,-46.0804631357229,2.10223746878146e-120,0.625317487639334,-6681.38647595794,0.00684960083087839,25-174,M,1.5,20.55,47,Y,CT,Y,Y,11079.7865148281,6555.83910482286,59.1693630202097
14,25C,T9,2,-7835.20398780645,7.50010201035161e-234,0.97760618952417,-186.03395825156,1.50303429232624e-178,0.768639097576788,-7722.60062961427,0.0237433458709022,25-175,F,1.5,20.01,44,Y,CT,Y,Y,11079.7865148281,6555.83910482286,59.1693630202097
14,05C,T1,2,-1231.56231314938,0,0.938620059423038,-102.709308165188,3.95252516672997e-323,0.92989719873859,-1128.85300498419,0.0833975732032084,5-005,M,1.5,17.37,43,Y,CT,Y,Y,1573.57057857502,622.239994058795,39.5431893892091
14,05C,T1,3,-1208.20846121675,0,0.944356530192981,-212.525197996225,0,0.978764340920338,-995.683263220528,0.175901100528792,5-010,F,1,15.36,40,Y,TT,N,Y,1573.57057857502,622.239994058795,39.5431893892091
14,05C,T1,4,-1196.27711870695,0,0.970123706455284,-181.391794138539,0,0.952001062679701,-1014.88532456841,0.151630246288255,5-003,M,1,21.95,47,Y,CT,Y,Y,1573.57057857502,622.239994058795,39.5431893892091
14,05C,T4,4,-2379.7691344187,0,0.97258062101235,72.4700534502561,7.58029849325283e-133,0.65874593730794,-2305.69004002852,0.0304525562593945,5-073,M,1.5,20.45,45,N,CT,Y,Y,1573.57057857502,622.239994058795,39.5431893892091
14,05C,T4,2,-1692.79428651329,0,0.924310558430121,-74.079094390182,5.78833686420261e-264,0.883847314253086,-1543.81679772789,0.0437614274695867,5-068,M,1,23.43,47,Y,CT,Y,Y,1573.57057857502,622.239994058795,39.5431893892091
14,05C,T4,3,-1674.41536872048,0,0.967774961759147,-148.977488785397,0,0.979056278432466,-1746.88542217073,0.0889728388597149,5-061,M,0.5,24.96,48,Y,CT,Y,Y,1573.57057857502,622.239994058795,39.5431893892091
14,05C,T7,2,-2837.8310854117,0,0.975730169521206,-102.703403905224,0,0.961102641811004,-2735.12768150647,0.0361908093942541,5-131,M,2,22.97,47,Y,TT,N,Y,1573.57057857502,622.239994058795,39.5431893892091
14,05C,T7,3,-1111.4371304617,0,0.956607601979782,-107.544122780429,7.96120316029011e-313,0.923691924523856,-1003.89300768127,0.0967613190462287,5-125,M,1.5,20.5,46,Y,TT,N,Y,1573.57057857502,622.239994058795,39.5431893892091
14,05C,T7,4,-1927.89313030356,0,0.965259667529352,-240.592465016376,0,0.976633616739402,-1687.30066528719,0.124795540393099,5-135,F,2,21.28,40,Y,CT,Y,Y,1573.57057857502,622.239994058795,39.5431893892091
21,15C,T2,2,-2670.16019533448,0,0.864825488758149,1013.76231191617,0,0.930634825892269,-3683.92250725065,0.379663479999252,15-035,F,2.5,23.24,48,Y,CT,Y,Y,7068.9101163324,5027.73915084577,71.1246722352488
21,15C,T2,3,-4483.72672791169,0,0.977118389496859,232.50408133969,1.06782784518203e-285,0.902854189729856,-4716.23080925138,0.0518550963180532,15-031,M,1.5,20.2,44,Y,CC,Y,N,7068.9101163324,5027.73915084577,71.1246722352488
21,15C,T2,4,-2389.40233580093,0,0.887054292334053,-611.656007712964,0,0.932904110536116,-1777.74632808797,0.255987030123973,15-032,M,1.5,17.87,42,Y,CC,Y,N,7068.9101163324,5027.73915084577,71.1246722352488
21,15C,T5,4,-5779.51655811463,0,0.961906664324161,-156.893935292854,0,0.945331970124322,-5624.84357415856,0.0271465500124866,15-094,F,2.5,24.9,48,Y,TT,N,Y,7068.9101163324,5027.73915084577,71.1246722352488
21,15C,T5,3,-6838.6656536399,9.59167187260696e-318,0.972125076956497,-70.0137094120451,1.98250064669655e-57,0.3646250347326,-6768.65194422786,0.0102379196407679,15-096,F,3,23.01,47,Y,CT,Y,Y,7068.9101163324,5027.73915084577,71.1246722352488
21,15C,T5,2,-15690.5594389069,2.14266680045314e-116,0.955805153868562,-154.672983956069,1.1769865014215e-316,0.923639789555505,-15533.6655036141,0.00985770995344729,15-097,M,2.5,23.01,48,Y,TT,N,Y,7068.9101163324,5027.73915084577,71.1246722352488
21,15C,T8,2,-14897.9078276606,3.98821577569942e-213,0.993172109226994,-267.042168238295,0,0.943773206580776,-14630.8656594223,0.0179248100691349,15-158,F,3,19.82,44,Y,CT,Y,Y,7068.9101163324,5027.73915084577,71.1246722352488
21,15C,T8,3,-2487.13414734951,0,0.962234173862218,-280.12792024425,2.20910393052435e-192,0.792541904213988,-2207.00622710526,0.112630804632222,15-159,F,3,20.16,45,Y,CC,Y,N,7068.9101163324,5027.73915084577,71.1246722352488
21,15C,T8,4,-6830.20017486161,4.11769309886552e-270,0.964733318562721,1847.05831901194,1.91986411389643e-225,0.842141942468919,-8677.25849387355,0.270425210348884,15-160,M,2.5,20.99,45,Y,CT,Y,Y,7068.9101163324,5027.73915084577,71.1246722352488
21,25C,T3,2,-6295.2556045895,3.83324326378412e-302,0.980267796482062,278.864054681739,2.08053387699987e-90,0.514556186184323,-6574.11965927124,0.0442974951610282,25-052,M,2,19.12,41,Y,TT,N,Y,7974.56881501676,2585.65657224345,32.4237790433816
21,25C,T3,4,-5855.08405617528,1.68804439341361e-288,0.969472077417111,824.181824051649,7.32533559813864e-173,0.752529496944621,-5937.6824467995,0.140763448678827,25-060,M,2,22.73,46,Y,CC,Y,N,7974.56881501676,2585.65657224345,32.4237790433816
21,25C,T3,3,-3057.1304642235,0,0.983488007812211,82.5983906242208,1.72917877397382e-169,0.745610822134273,-3881.31228827515,0.0270182746830206,25-186,F,3,20.2,46,Y,CC,Y,N,7974.56881501676,2585.65657224345,32.4237790433816
21,25C,T6,2,-10397.4483857917,7.52512411872198e-74,0.875566624512974,239.642231179487,1.18077411960826e-98,0.544265868441924,-10637.0906169712,0.0230481770418753,25-115,M,2,22.34,46,Y,TT,N,Y,7974.56881501676,2585.65657224345,32.4237790433816
21,25C,T6,3,-9297.88484291153,5.85477025067807e-218,0.983301537439272,-151.791389472685,1.87347503731082e-185,0.774955115928532,-9146.09345343884,0.0163253677623688,25-116,F,2.5,20.63,43,Y,CT,Y,Y,7974.56881501676,2585.65657224345,32.4237790433816
21,25C,T6,4,-6199.95229129882,3.04359359909579e-142,0.847739390561643,-350.695395107543,0,0.959345164760633,-5849.25689619128,0.0565642086633018,25-195,F,3,21.74,46,Y,TT,N,Y,7974.56881501676,2585.65657224345,32.4237790433816
21,25C,T9,2,-7994.1590185721,7.10457918989043e-171,0.930875481114533,-117.715612563222,5.19152009839242e-45,0.326970736308381,-7876.44340600888,0.014725202774894,25-174,M,1.5,20.72,47,Y,CT,Y,Y,7974.56881501676,2585.65657224345,32.4237790433816
21,25C,T9,3,-10876.2060106585,4.73805239802216e-176,0.961025145603317,-174.964930172997,3.96580873206548e-257,0.904030203855278,-10701.2410804855,0.016086945208792,25-175,F,1.5,20.11,44,Y,CT,Y,Y,7974.56881501676,2585.65657224345,32.4237790433816
21,25C,T9,4,-11499.1206006336,9.75915929062317e-188,0.984905486848721,-331.24111292434,0,0.975365775347642,-11167.8794877093,0.0288057778006162,25-179,F,2.5,20.87,46,Y,CT,Y,Y,7974.56881501676,2585.65657224345,32.4237790433816
21,05C,T1,2,-2394.0713639556,0,0.974886098128166,-44.9717999758193,3.74415472699663e-170,0.752579060565184,-2349.09956397978,0.0187846530612666,5-005,M,2,17.89,43,Y,CT,Y,Y,1680.27679332548,513.632300153427,30.5683148272782
21,05C,T1,3,-1583.55064160136,0,0.979109300721934,27.7203063153367,1.2055849459946e-71,0.439415237338316,-1611.2709479167,0.0175051593470384,5-010,F,1.5,15.44,40,Y,TT,N,Y,1680.27679332548,513.632300153427,30.5683148272782
21,05C,T1,4,-2565.27694506756,0,0.953850999063521,-40.5884855576964,1.95508843029036e-161,0.733995371717186,-2524.68845950986,0.0158222626355173,5-003,M,2,22.21,47,Y,CT,Y,Y,1680.27679332548,513.632300153427,30.5683148272782
21,05C,T4,2,-2172.68902664837,0,0.937735448982757,-113.3194895616,2.78665727088133e-230,0.847302275211667,-2059.36953708677,0.0521563317031195,5-073,M,2,20.44,45,Y,CT,Y,Y,1680.27679332548,513.632300153427,30.5683148272782
21,05C,T4,3,-1628.92170098401,0,0.961725924375874,-79.0405710413487,6.22714888353863e-165,0.738462622272706,-1549.88112994266,0.0485232476144197,5-068,M,1,23.32,47,Y,CT,Y,Y,1680.27679332548,513.632300153427,30.5683148272782
21,05C,T4,4,-1488.18680906743,0,0.893853724803944,-138.81350679722,0,0.969414255036879,-1349.37330227021,0.0932769367067611,5-061,M,0.5,25.35,48,Y,CT,Y,Y,1680.27679332548,513.632300153427,30.5683148272782
21,05C,T7,2,-1345.20771821842,0,0.92795256512542,-287.042098561616,0,0.957269869794393,-1058.16561965681,0.213381245642696,5-125,M,1.5,20.35,46,Y,TT,N,Y,1680.27679332548,513.632300153427,30.5683148272782
21,05C,T7,3,-1553.08994533042,0,0.936187821836151,-327.799330755542,0,0.989551540973877,-1225.29061457488,0.21106268297024,5-131,M,2,23.07,47,Y,TT,N,Y,1680.27679332548,513.632300153427,30.5683148272782
21,05C,T7,4,-1564.44867199181,0,0.994143252384853,-169.096707000194,0,0.94276164150582,-1395.35196499162,0.108087091655685,5-135,F,2,20.79,40,Y,CT,Y,Y,1680.27679332548,513.632300153427,30.5683148272782
28,15C,T2,2,-6427.69824451888,2.93802548647118e-177,0.888990844107619,-74.5451661141199,7.30746083544618e-302,0.915318718518404,-6353.15307840476,0.0115974900000458,15-031,M,1.5,20.24,44,Y,CC,Y,N,7126.950426806,2607.16655242713,36.5817972105014
28,15C,T2,3,-6924.5538977556,1.54746347913851e-309,0.96618230598971,-112.491058000568,3.10165936660292e-76,0.457366478525326,-6812.06283975503,0.0162452426050187,15-032,M,1.5,18.1,42,Y,CC,Y,N,7126.950426806,2607.16655242713,36.5817972105014
28,15C,T2,4,-7399.39223112688,4.351787715693e-109,0.786813214123826,-157.505098196345,0,0.981576216705875,-7241.88713293054,0.0212862209863361,15-035,F,2.5,23.7,48,Y,CT,Y,Y,7126.950426806,2607.16655242713,36.5817972105014
28,15C,T5,2,-10167.9471196985,7.87748778899412e-188,0.951878889522108,-12.3237406424198,7.25171585515444e-21,0.14403798372496,-10155.623379056,0.00121201856159783,15-094,F,2.5,24.66,48,Y,TT,N,Y,7126.950426806,2607.16655242713,36.5817972105014
28,15C,T5,3,-8608.54637731641,1.24700980099322e-277,0.984827141701723,72.2000052411759,8.29305848891946e-43,0.283368541749301,-8680.74638255759,0.00838701472660048,15-096,F,3,23.34,47,Y,CT,Y,Y,7126.950426806,2607.16655242713,36.5817972105014
28,15C,T5,4,-2334.90818076302,0,0.955503381672064,-163.829590177609,0,0.988686157631459,-2171.07859058541,0.0701653244985725,15-097,M,2.5,25.84,48,Y,TT,N,Y,7126.950426806,2607.16655242713,36.5817972105014
28,15C,T8,2,-4485.70714413106,9.11212958314128e-312,0.956146174683646,-105.168530800644,0,0.93631158988686,-4380.53861333041,0.0234452511992992,15-158,F,3,20.08,44,Y,CT,Y,Y,7126.950426806,2607.16655242713,36.5817972105014
28,15C,T8,3,-10172.7624578658,3.81872867194998e-223,0.979483663045306,-105.107072155658,6.08958654346795e-301,0.914673996050884,-10067.6553857101,0.0103322054939351,15-159,F,3,20.9,45,Y,CC,Y,N,7126.950426806,2607.16655242713,36.5817972105014
28,15C,T8,4,-8380.37785892899,0,0.996258533498682,-100.569420004884,0,0.956883406843663,-8279.80843892411,0.0120005829925355,15-163,M,1.5,23.45,47,Y,CT,Y,Y,7126.950426806,2607.16655242713,36.5817972105014
28,25C,T3,2,-5152.3034863369,0,0.978824825315128,-65.4252509776615,2.33009718602052e-231,0.847628687079812,-5086.87823535924,0.0126982525682268,25-052,M,1.5,19.35,41,Y,TT,N,Y,6763.76314307417,2289.32218122416,33.846870932616
28,25C,T3,3,-4998.04934913024,2.20214732279979e-216,0.913057670868352,-226.550609829307,1.41789894802146e-286,0.903148888770176,-4771.49873930093,0.0453278057105882,25-060,M,2,21.95,46,Y,CC,Y,N,6763.76314307417,2289.32218122416,33.846870932616
28,25C,T3,4,-4076.25034255075,0,0.951374260533967,-200.791729101037,0,0.969021735713648,-3875.45861344972,0.0492589297092557,25-186,F,3,20.43,46,Y,CC,Y,N,6763.76314307417,2289.32218122416,33.846870932616
28,25C,T6,2,-9827.7178949849,9.7627296551564e-206,0.977933698524414,-212.789448323973,1.12396152474291e-217,0.831136733755217,-9614.92844666092,0.0216519695210788,25-115,M,2,22.56,46,Y,TT,N,Y,6763.76314307417,2289.32218122416,33.846870932616
28,25C,T6,3,-6968.03807119329,2.55618027896778e-200,0.956618092635366,-78.5533190750597,9.95103604628646e-39,0.262042280620695,-6889.48475211823,0.0112733768490457,25-116,F,2.5,20.83,43,Y,CT,Y,Y,6763.76314307417,2289.32218122416,33.846870932616
28,25C,T6,4,-6281.200463066,3.49945944598074e-118,0.81105863729979,-60.3308192071464,1.10892609310411e-139,0.678687846525512,-6220.86964385885,0.00960498228991365,25-195,F,3,21.72,46,Y,TT,N,Y,6763.76314307417,2289.32218122416,33.846870932616
28,25C,T9,2,-5539.19905670307,1.06743874411031e-119,0.828833325718104,-128.677303095724,2.90177072011064e-296,0.911706411953094,-5410.52175360734,0.0232303085298966,25-174,M,1.5,20.97,47,Y,CT,Y,Y,6763.76314307417,2289.32218122416,33.846870932616
28,25C,T9,3,-8775.05127980767,1.44853857719618e-169,0.962508754422576,-149.444037414652,4.04192117003982e-164,0.737337053875851,-8625.60724239301,0.0170305600103487,25-175,F,1.5,20.29,44,Y,CT,Y,Y,6763.76314307417,2289.32218122416,33.846870932616
28,25C,T9,4,-10040.9312667609,5.99997785932947e-125,0.941096352351783,337.689594158377,6.28154224733662e-311,0.921769447525061,-10378.6208609192,0.033631302235506,25-179,F,2.5,21.14,46,Y,CT,Y,Y,6763.76314307417,2289.32218122416,33.846870932616
28,05C,T1,2,-1118.96411636154,0,0.936028562754001,3.25965530845806,0.803666851392014,0.000110259920122021,-1122.22377167,0.00291310084103255,5-003,M,2,22.4,47,Y,CT,Y,Y,1185.11373098755,273.930242704782,23.1142577747805
28,05C,T1,3,-897.026035106135,0,0.983400621668068,-253.899497240535,1.27877801941517e-32,0.223042890198456,-643.1265378656,0.283045850737759,5-010,F,1.5,15.58,40,Y,TT,N,Y,1185.11373098755,273.930242704782,23.1142577747805
28,05C,T1,4,-1452.65102892666,0,0.998801410911865,97.8573078629194,1.97988022247146e-08,0.0546734753733575,-1550.50833678958,0.067364636044229,5-005,M,2,17.65,43,Y,CT,Y,Y,1185.11373098755,273.930242704782,23.1142577747805
28,05C,T4,2,-1163.72343322528,0,0.910498859875486,-138.655797715587,1.33500531038873e-146,0.693275277355921,-1025.06763550969,0.119148410831,5-061,M,0.5,25.43,48,Y,CT,Y,Y,1185.11373098755,273.930242704782,23.1142577747805
28,05C,T4,4,-1382.44855090053,0,0.853668348366288,-129.112402364523,7.74858524771602e-32,0.21738334776388,-1233.59557729511,0.0933940017372936,5-073,M,1.5,20.57,45,N,CT,Y,Y,1185.11373098755,273.930242704782,23.1142577747805
28,05C,T4,3,-1669.50656734316,0,0.971951313117376,-148.852973605415,2.75135842198541e-104,0.566578576701183,-1540.39416497864,0.0891598610733818,5-068,M,1,23.6,47,Y,CT,Y,Y,1185.11373098755,273.930242704782,23.1142577747805
28,05C,T7,3,-1455.22759456742,0,0.834942059070007,-122.279066958975,1.11098033022551e-38,0.260154650452514,-1282.48162316346,0.0840274520737936,5-131,M,2,23.37,47,Y,TT,N,Y,1185.11373098755,273.930242704782,23.1142577747805
28,05C,T7,2,-1245.35882935989,0,0.958506551669029,-172.745971403951,0,0.95813643523803,-1123.07976240092,0.138711805249529,5-125,M,1.5,20.32,46,Y,TT,N,Y,1185.11373098755,273.930242704782,23.1142577747805
28,05C,T7,4,-1299.1258005194,0,0.959757019895316,-153.579631304447,2.27120787025695e-261,0.880439811090494,-1145.54616921496,0.11821767471868,5-135,F,2,21.43,40,Y,CT,Y,Y,1185.11373098755,273.930242704782,23.1142577747805
42,15C,T2,2,-7011.57582163505,1.3601659813793e-111,0.842541374799145,-51.1717182415313,2.50492770910573e-265,0.904942607681046,-6960.40410339352,0.00729817655021784,15-032,M,2,18.79,42,Y,CC,Y,N,7476.91508400411,3246.54118466055,43.4208647307778
42,15C,T2,4,-6663.39769615734,8.44598074644512e-282,0.976865964835617,-138.682088403974,2.91941036302375e-276,0.913794718188373,-6501.06068953261,0.020812518587019,15-031,M,2.5,21.09,44,Y,CC,Y,N,7476.91508400411,3246.54118466055,43.4208647307778
42,15C,T2,3,-8196.80786060596,1.27085408065618e-128,0.853050215326316,-162.337006624732,2.05013672425158e-261,0.901558364903478,-8058.12577220199,0.0198049056883384,15-035,F,2.5,24.6,48,Y,CT,Y,Y,7476.91508400411,3246.54118466055,43.4208647307778
42,15C,T5,2,-5888.34633934604,0,0.986026266493171,35.9745979378907,1.38791769232346e-114,0.613483725304117,-5924.32093728393,0.00610945686015575,15-097,M,3,23.9,48,Y,TT,N,Y,7476.91508400411,3246.54118466055,43.4208647307778
42,15C,T5,4,-15164.509898579,5.06436421766314e-207,0.994886732481373,-42.0165696106793,2.50184387130351e-177,0.772439531103248,-15021.1167587697,0.00277071727946951,15-094,F,3,25.01,48,Y,TT,N,Y,7476.91508400411,3246.54118466055,43.4208647307778
42,15C,T5,3,-8194.39241548699,7.64379389800385e-169,0.929910864540996,-143.393139809291,0,0.948567441163956,-8152.37584587631,0.0174989349470603,15-096,F,3,24.15,47,Y,CT,Y,Y,7476.91508400411,3246.54118466055,43.4208647307778
42,15C,T8,2,-7966.5933219512,3.31267282613234e-291,0.971555132500416,-0.881665853536055,0.122019771429531,0.00418996903185949,-7965.71165609767,0.000110670372881556,15-159,F,3,20.83,45,Y,CC,Y,N,7476.91508400411,3246.54118466055,43.4208647307778
42,15C,T8,3,-5731.8761479073,6.07344545529933e-253,0.946698488532193,-103.648878618621,1.66075844747442e-201,0.8002345748646,-5628.22726928868,0.018082888733816,15-163,M,1.5,24.57,47,Y,CT,Y,Y,7476.91508400411,3246.54118466055,43.4208647307778
42,15C,T8,4,-3168.61721437526,0,0.923827141024152,-87.7244907826627,3.63160493949289e-65,0.399683994925398,-3080.8927235926,0.0276854175962554,15-158,F,3,21.46,44,Y,CT,Y,Y,7476.91508400411,3246.54118466055,43.4208647307778
42,25C,T3,2,-10203.3601275911,7.43038681865113e-89,0.8918213540382,49.756279542437,6.19428763009814e-29,0.200615960556534,-10253.1164071335,0.00487646019744908,25-052,M,2,19.71,41,Y,TT,N,Y,10472.2426343148,6313.11835253359,60.2843017774163
42,25C,T3,3,-11880.6086228038,2.95700396831108e-131,0.978030866663848,229.793075831702,0,0.976033938537389,-12110.4016986355,0.0193418606005279,25-060,M,2,22.79,46,Y,CC,Y,N,10472.2426343148,6313.11835253359,60.2843017774163
42,25C,T3,4,-6635.60664009103,5.16134362064437e-260,0.974426924404864,109.365000248971,7.21319744598417e-207,0.815948949301054,-6744.97164034,0.0164815375866631,25-186,F,3,20.41,46,Y,CC,Y,N,10472.2426343148,6313.11835253359,60.2843017774163
42,25C,T6,2,-4873.2144947399,1.32092430015621e-314,0.965338516437847,-29.0622273116085,9.28118296624966e-104,0.577848153414457,-4844.1522674283,0.00596366676307351,25-195,F,2.5,22.44,46,Y,TT,N,Y,10472.2426343148,6313.11835253359,60.2843017774163
42,25C,T6,3,-7199.45200113362,5.71467571747424e-123,0.874882266067251,-176.554483294736,3.00444154220771e-251,0.87906225891352,-7022.89751783888,0.0245233225066208,25-115,M,2,22.9,46,Y,TT,N,Y,10472.2426343148,6313.11835253359,60.2843017774163
42,25C,T6,4,-11261.9745888696,5.44173018000739e-121,0.928294664466408,-59.7121363559057,4.98549542538012e-143,0.697324237378039,-11202.2624525137,0.00530210185476002,25-116,F,2.5,21.29,43,Y,CT,Y,Y,10472.2426343148,6313.11835253359,60.2843017774163
42,25C,T9,3,-8492.72967810366,3.77766818350798e-198,0.97679900779634,118.818344696672,5.79167476782286e-37,0.256424925343529,-8388.55413634134,0.0139905953916107,25-174,M,1.5,21.27,47,Y,CT,Y,Y,10472.2426343148,6313.11835253359,60.2843017774163
42,25C,T9,2,-26013.5767397239,1.86621802775042e-55,0.927836848034786,-104.175541762316,4.90974292576896e-27,0.191777371618114,-26132.3950844206,0.00400466044345358,25-175,F,2,20.79,44,Y,CT,Y,Y,10472.2426343148,6313.11835253359,60.2843017774163
42,25C,T9,4,-7646.56250013003,1.88585663914157e-191,0.969908908625573,-95.1299959486502,0,0.93851114178866,-7551.43250418138,0.0124408838542852,25-179,F,2,21.29,46,Y,CT,Y,Y,10472.2426343148,6313.11835253359,60.2843017774163
42,05C,T1,2,-2160.73946208872,0,0.920724403029768,-70.0856486353743,4.05236781223784e-228,0.823970595176228,-2090.65381345334,0.0324359553130135,5-005,M,2.5,17.86,43,Y,CT,Y,Y,1718.540230369,514.599115465888,29.9439667673882
42,05C,T1,3,-1893.19992533532,0,0.9492354664474,-47.0994588662178,4.15113788324993e-29,0.189033096928806,-1846.1004664691,0.0248782277222389,5-003,M,1.5,22.16,47,Y,CT,Y,Y,1718.540230369,514.599115465888,29.9439667673882
42,05C,T1,4,-2310.16935846867,0,0.98869057946027,-153.274606507347,0,0.942607693290752,-2156.89475196133,0.0663477791987281,5-010,M,2,15.51,40,Y,TT,N,Y,1718.540230369,514.599115465888,29.9439667673882
42,05C,T4,2,-989.978616418749,0,0.905339702929535,-68.3223539615493,5.30219747764425e-24,0.166515901562831,-921.6562624572,0.0690139694215877,5-073,M,1.5,20.59,45,Y,CT,Y,Y,1718.540230369,514.599115465888,29.9439667673882
42,05C,T4,3,-1282.87218587949,0,0.966419827520008,-90.1471007969771,3.66428611974775e-269,0.888270490394353,-1192.72508508251,0.0702697445538394,5-061,M,1,25.69,48,Y,CT,Y,Y,1718.540230369,514.599115465888,29.9439667673882
42,05C,T4,4,-1703.37869027805,0,0.973507468116031,-51.961559550804,5.87737442595079e-151,0.705287190562604,-1651.41713072725,0.0305049956579662,5-068,M,1.5,23.99,47,Y,CT,Y,Y,1718.540230369,514.599115465888,29.9439667673882
42,05C,T7,4,-2825.71826212889,0,0.920385198802497,-89.3431350920837,4.3572367755439e-89,0.512413856540254,-2555.37446566408,0.0316178496241068,5-131,M,2,23.48,47,Y,TT,N,Y,1718.540230369,514.599115465888,29.9439667673882
42,05C,T7,2,-1463.50053450873,0,0.968030685695272,-270.343796464808,3.82229740535205e-260,0.881050176200861,-1324.55979944544,0.184724084542653,5-135,F,2,21.53,40,Y,CT,Y,Y,1718.540230369,514.599115465888,29.9439667673882
42,05C,T7,3,-1816.8234331528,0,0.963221154659795,-138.940735063291,0,0.961340883710297,-1727.48029806072,0.0764745393129272,5-125,M,1.5,20.2,46,Y,TT,N,Y,1718.540230369,514.599115465888,29.9439667673882
49,05C,T1,2,-1484.08043570892,0,0.972052433835412,-118.338747951045,3.15487854570316e-300,0.913793057892168,-1365.74168775787,0.0797387696136002,5-005,M,2.5,17.82,43,Y,CT,Y,Y,1223.36448866399,1153.50421354356,94.2894962402647
49,05C,T1,3,-1775.59480007319,0,0.966008991841747,-116.346991662733,3.58897881504483e-240,0.858752773808099,-1659.24780841046,0.0655256433832406,5-003,M,1.5,22.71,47,Y,CT,Y,Y,1223.36448866399,1153.50421354356,94.2894962402647
49,05C,T1,4,-1098.38717363928,0,0.97510143815167,-34.6716891349429,9.5205788120386e-91,0.517779448386452,-1063.71548450434,0.031565999646614,5-010,F,2,15.59,40,Y,TT,N,Y,1223.36448866399,1153.50421354356,94.2894962402647
49,05C,T4,3,-696.842835729473,0,0.953865934475682,-138.448154992864,0,0.965476724104565,-333.886312696821,0.198679168234445,5-073,M,1.5,20.69,45,N,CT,Y,Y,1223.36448866399,1153.50421354356,94.2894962402647
49,05C,T4,2,-292.190321045074,0,0.772578383052621,-362.956523032652,0,0.992773404864311,-153.74216605221,1.24219214974154,5-061,M,1,25.51,48,Y,CT,Y,Y,1223.36448866399,1153.50421354356,94.2894962402647
49,05C,T7,2,-567.920370937402,0,0.906657544226219,4.76682110081815,0.00341769580047049,0.0151733893641807,-572.68719203822,0.00839346736752918,5-131,M,2,23.34,47,Y,TT,N,Y,1223.36448866399,1153.50421354356,94.2894962402647
49,05C,T7,3,-882.321114494817,0,0.941233780214357,-32.8974454801533,2.13029372218667e-181,0.770414789401165,-849.423669014664,0.0372851164272422,5-125,M,2,20.35,46,Y,TT,N,Y,1223.36448866399,1153.50421354356,94.2894962402647
49,05C,T7,4,-3673.4393122378,0,0.935189905843198,115.032276599499,0,0.937895799264022,-3788.4715888373,0.0313145983428329,5-135,F,2,21.53,40,Y,CT,Y,Y,1223.36448866399,1153.50421354356,94.2894962402647
