date,tank,crab-ID,trial-1,trial-2,trial-3,sex,integument-color,weight,number-legs,missing-non-sampled,missing-swimmer,probe-number,notes
6/28/23,T1,5-009,2.12,1.59,2.37,M,Y,36,9,N,N,,
6/28/23,T1,5-182,2.06,1.84,2.09,F,YG,10.03,9,N,N,,
6/28/23,T1,5-015,1.87,2.6,2.41,M,Y,31.38,8,Y,N,,"missing R2, claw injury, fixed label"
6/28/23,T1,5-002,4.97,3.4,2,M,Y,33.43,9,N,N,,superglue in rear joints
6/28/23,T1,5-003,1.56,2.25,2.86,M,G,21.5,9,N,N,,fixed label
6/28/23,T1,5-012,1.66,1.93,1.93,M,YG,11.47,9,N,N,,
6/28/23,T1,5-004,2.12,2.43,3.75,M,Y,35.42,9,N,N,,fixed label
6/28/23,T1,5-010,1.86,2.57,1.9,F,YG,14.53,9,N,N,,
6/28/23,T2,15-038,1.59,1.62,1.22,F,YG,8.51,9,N,N,,
6/28/23,T2,15-044,1.6,2.38,1.85,M,Y,32.26,9,N,N,,
6/28/23,T2,15-035,3.65,2.59,1.75,F,YG,23.95,9,N,N,,
6/28/23,T2,15-032,2.16,1.54,1.84,M,YG,17.98,9,N,N,,unclear label
6/28/23,T2,15-040,2.62,2.65,2.47,F,G,26.76,9,N,N,,
6/28/23,T2,15-184,2.03,1.28,1.66,M,YG,13.02,9,N,N,,
6/28/23,T2,15-183,1.9,3.09,3,F,YG,29.07,9,N,N,,fixed label
6/28/23,T2,15-004,1.09,2.19,1.88,M,Y,31.08,9,N,N,,
6/28/23,T3,25-051,1.66,1.56,1.72,F,YO,11.68,7,Y,Y,,"missing R2 + L5, weighed after dissection"
6/28/23,T3,25-053,2.07,2,2.31,M,YG,32.74,9,N,N,,
6/28/23,T3,25-185,1.4,1.65,1.69,F,YG,19.37,9,N,N,,unclear label
6/28/23,T3,25-048,2.22,1.53,1.78,M,Y,27.46,9,N,N,,
6/28/23,T3,25-186,2.35,1.57,2.06,F,Y,20.06,9,N,N,,
6/28/23,T3,25-046,1.79,2.07,2.1,M,YG,23.5,9,N,N,,"unclear label, carapace injury"
6/28/23,T3,25-052,2.19,2.28,2.22,M,YG,18.51,9,N,N,,
6/28/23,T3,25-059,2.41,2.22,2.34,M,Y,28.11,9,N,N,,
6/28/23,T4,5-074,4.5,1.43,1.8,M,Y,47.11,9,N,N,,
6/28/23,T4,5-189,1.36,1.11,1.25,F,Y,12.04,9,N,N,,
6/28/23,T4,5-066,2.08,2.5,2.94,M,Y,47.01,9,N,N,,
6/28/23,T4,5-067,1.75,2.65,0.95,F,Y,9.49,9,N,N,,
6/28/23,T4,5-062,2.45,2.93,4.33,F,Y,29.22,9,N,N,,
6/28/23,T4,5-061,1.31,1.15,1.32,M,G,23.65,9,N,N,,
6/28/23,T4,5-068,1.13,1.65,1.6,M,YG,22.26,9,N,N,,
6/28/23,T4,5-188,4.91,5.48,3.95,M,Y,23.66,9,N,N,,fixed label
6/28/23,T5,15-092,2.38,2.43,2.18,M,YG,42.25,9,N,N,,didn't drop trimmed leg
6/28/23,T5,15-190,1.73,1.36,1.55,F,Y,16.86,9,N,N,,
6/28/23,T5,15-100,1.88,1.78,1.13,F,YG,24.36,9,N,N,,
6/28/23,T5,15-099,2.13,1.6,1.52,M,Y,28,9,N,N,,
6/28/23,T5,15-105,1.76,1.29,1.15,F,YG,30.23,9,N,N,,
6/28/23,T5,15-095,1.83,1.75,2.73,M,Y,27.06,9,N,N,,
6/28/23,T5,15-094,1.71,1.51,1.6,F,Y,25.87,9,N,N,,
6/28/23,T5,15-104,1.16,2.02,2.82,M,Y,30.09,9,N,N,,
6/28/23,T6,25-110,2.78,1.69,1.38,M,Y,44.22,9,N,N,,
6/28/23,T6,25-119,1.19,0.71,0.78,F,G,14.21,9,N,N,,
6/28/23,T6,25-109,1.78,1.65,1.91,M,Y,47.68,9,N,N,,
6/28/23,T6,25-108,1.5,0.78,1.25,M,YG,12.72,9,N,N,,
6/28/23,T6,25-120,2.22,1.66,2.19,M,Y,52.08,9,N,N,,
6/28/23,T6,25-193,1.25,1.15,1.99,M,Y,21.91,9,N,N,,
6/28/23,T6,25-115,1.15,0.97,1.53,M,Y,22.38,9,N,N,,
6/28/23,T6,25-113,1.09,1.41,1.06,M,Y,29.86,9,N,N,,
6/28/23,T7,5-122,8.41,9.34,6.44,M,Y,40.56,9,N,N,,unclear label
6/28/23,T7,5-133,10.12,3.91,14.28,F,YG,17.59,9,N,N,,
6/28/23,T7,5-121,5.31,5.72,4.75,M,Y,44.06,9,N,N,,
6/28/23,T7,5-135,2.91,8.03,7.97,F,YG,20.79,9,N,N,,
6/28/23,T7,5-123,2.53,2.88,2.47,M,YG,27.44,9,N,N,,
6/28/23,T7,5-125,3.43,3.21,9.19,M,YG,20.2,8,Y,Y,,missing L5
6/28/23,T7,5-132,1.4,1.66,1.84,M,G,16.61,9,N,N,,
6/28/23,T7,5-127,7.72,5.66,11.81,M,Y,27.87,9,Y,N,,missing R1
6/28/23,T8,15-161,2.5,2.91,3.06,M,Y,41.28,9,N,N,,
6/28/23,T8,15-164,1.37,3.94,1.75,F,YG,16.06,9,N,N,,
6/28/23,T8,15-163,1.46,2.13,1.62,M,G,22.43,9,N,N,,
6/28/23,T8,15-200,4.68,9.19,5.57,F,YG,25.14,9,N,N,,
6/28/23,T8,15-165,1.68,1.47,1.69,M,G,10.57,9,N,N,,
6/28/23,T8,15-182,5.57,7.09,9.44,M,Y,29.29,9,N,N,,
6/28/23,T8,15-157,2.09,2,1.5,M,YO,33.24,9,N,N,,
6/28/23,T8,15-151,2.28,1.56,1.63,F,Y,21.7,9,N,N,,
6/28/23,T9,25-168,3,3,3.28,M,Y,43.15,9,N,N,,
6/28/23,T9,25-202,1.38,1.59,1.35,F,Y,13.86,9,N,N,,
6/28/23,T9,25-171,2.68,4.19,5.22,F,YO,26.82,8,Y,N,,missing R2
6/28/23,T9,25-169,4.32,2.38,2.72,M,Y,42.86,9,N,N,,
6/28/23,T9,25-174,1.78,2.07,2.28,M,YG,19.72,9,N,N,,
6/28/23,T9,25-164,3.13,2.84,1.94,M,Y,52.18,8,Y,N,,missing R1
6/28/23,T9,25-173,1.56,1.16,1.53,M,YO,23.67,9,N,N,,
6/28/23,T9,25-170,1.75,1.28,1.53,M,YG,25.71,9,N,N,,
6/29/23,T1,5-004,0.92,2.37,4.2,M,Y,39.13,9,N,N,,
6/29/23,T1,5-007,1.14,2.09,1.39,F,G,17.93,9,N,N,,
6/29/23,T1,5-003,1.08,1.9,2.15,M,G,22.17,9,N,N,,
6/29/23,T1,5-002,1.3,2.41,3.23,M,YG,30.53,9,N,N,,
6/29/23,T1,5-014,1.08,1.46,1.12,M,YG,21.43,9,N,N,,
6/29/23,T1,5-001,1.52,1.39,1.69,M,Y,37.08,9,N,N,,
6/29/23,T1,5-012,4.74,6.86,1.89,M,YG,12.11,9,N,N,,
6/29/23,T1,5-006,1.32,1.43,5.6,M,YG,13.77,9,N,N,,
6/29/23,T2,15-034,1.4,1.13,1.34,M,Y,39.7,8,Y,N,,
6/29/23,T2,15-045,1.56,1.16,1.31,M,YG,28.58,8,Y,Y,0(?),"MISSING R5, TUBE MAY BE LABELLED AS 43"
6/29/23,T2,15-054,1.4,1.22,1.19,M,Y,47.95,9,N,N,,
6/29/23,T2,15-035,2.09,1.9,2,F,YG,22.97,9,N,N,,
6/29/23,T2,15-184,1.53,1.25,0.69,M,YG,13.27,9,N,N,,
6/29/23,T2,15-036,1.62,1.54,0.9,M,Y,24.42,9,N,N,,
6/29/23,T2,15-040,1.06,0.88,1.18,F,G,26.13,9,N,N,,
6/29/23,T2,15-031,1.16,1.12,1.07,M,Y,19.82,9,N,N,,
6/29/23,T3,25-049,0.98,0.98,0.93,F,G,14.33,9,N,N,,
6/29/23,T3,25-056,1.22,1.02,1.1,F,Y,15.36,8,Y,Y,,MISSING L5
6/29/23,T3,25-057,26.01,8.27,4.3,M,Y,14.76,9,N,N,,
6/29/23,T3,25-059,2.18,2.02,1.91,M,Y,27.72,9,N,N,,
6/29/23,T3,25-046,1.48,0.92,1.37,M,Y,26.16,9,N,N,,
6/29/23,T3,25-186,1.49,1.79,1.72,F,Y,19.51,9,N,N,,
6/29/23,T3,25-047,1.03,0.77,0.75,M,YG,24.07,9,N,N,,Healed ventral injury
6/29/23,T3,25-052,0.92,0.81,0.86,M,Y,19.56,9,N,N,,
6/29/23,T4,5-069,1.97,2.69,0.94,M,Y,34.4,9,N,N,,
6/29/23,T4,5-063,1.1,3.1,3.99,F,BG,15.69,9,N,N,,
6/29/23,T4,5-064,2.34,2.56,2.43,M,Y,16.29,9,N,N,,
6/29/23,T4,5-062,1.22,2.22,1.5,F,YG,28.71,9,N,N,,
6/29/23,T4,5-061,2.63,3.14,2.58,M,G,24.12,9,N,N,,
6/29/23,T4,5-071,1.7,1.51,1.6,M,YG,26.57,9,N,N,,
6/29/23,T4,5-188,15.4,9.86,14.96,M,YG,24.47,9,N,N,,
6/29/23,T4,5-068,1.31,1.71,4.8,M,YG,22.42,9,N,N,,
6/29/23,T5,15-091,1.08,1.28,1.41,M,Y,50.99,9,N,N,,
6/29/23,T5,15-105,1.16,1.41,1.45,F,YG,29.49,9,N,N,,
6/29/23,T5,15-101,0.98,0.83,0.78,M,Y,13.36,9,N,N,,
6/29/23,T5,15-095,1.39,1.45,0.83,M,Y,26.98,9,N,N,,
6/29/23,T5,15-100,1.51,1.73,1.31,F,YG,23.81,9,N,N,,
6/29/23,T5,15-099,4.97,1.28,1.24,M,Y,20.06,9,N,N,,
6/29/23,T5,15-093,1.53,0.76,4.03,M,Y,40.36,9,N,N,,Carapace injury
6/29/23,T5,15-104,8.08,5.28,5.73,M,YO,30.15,9,N,N,,
6/29/23,T6,25-120,0.95,2.48,2.23,M,Y,50.18,9,N,N,,
6/29/23,T6,25-114,1.17,1.93,0.99,M,Y,13.22,9,N,N,,
6/29/23,T6,25-109,1.95,1.45,1.45,M,Y,47.08,9,N,N,,
6/29/23,T6,25-108,1.81,1.65,1.13,M,Y,12.56,9,N,N,,
6/29/23,T6,25-193,4.21,2.35,2.6,M,Y,29.51,9,N,N,,
6/29/23,T6,25-118,1.36,2.06,2.1,F,G,16.77,9,N,N,,
6/29/23,T6,25-115,2.95,1.7,1.38,M,Y,22.18,9,N,N,,
6/29/23,T6,25-114,1.83,1.74,0.68,M,Y,33.99,9,N,N,,
6/29/23,T7,5-121,3.61,1.12,2.15,M,Y,44.34,9,N,N,,
6/29/23,T7,5-197,0.9,1.46,0.74,M,YG,15.03,9,N,N,,
6/29/23,T7,5-128,1.25,1.1,1.13,M,G,14.14,9,N,N,,
6/29/23,T7,5-130,1.56,2.66,2.23,F,Y,2.97,9,N,N,,
6/29/23,T7,5-124,1.13,1.41,2.41,M,Y,36.93,8,N,N,,
6/29/23,T7,5-127,2.02,1.71,1.31,M,YG,28.29,8,N,N,,
6/29/23,T7,5-126,1.31,1.16,1.1,M,Y,23.06,9,N,N,,
6/29/23,T7,5-132,0.73,0.55,0.75,M,BG,17.46,9,N,N,,
6/29/23,T8,15-157,0.88,2.29,1.97,M,Y,32.51,9,N,N,,
6/29/23,T8,15-152,2.87,2.28,1.97,M,Y,29.01,9,N,N,,
6/29/23,T8,15-165,1.32,0.78,0.62,M,YG,10.25,9,N,N,,
6/29/23,T8,15-160,1.72,1.54,1.56,M,Y,20.8,9,N,N,,
6/29/23,T8,15-150,1.63,1.44,1.59,F,G,19.6,9,N,N,,
6/29/23,T8,15-153,1.22,1.09,1.1,M,YG,27.22,9,N,N,,
6/29/23,T8,15-151,0.72,1.47,1.75,F,YG,21.5,9,N,N,,
6/29/23,T8,15-132,0.84,1.16,1.6,M,Y,28.76,9,N,N,,
6/29/23,T9,25-167,1.78,2.94,1.69,M,Y,52.45,8,Y,N,,MISSING R1
6/29/23,T9,25-203,1.35,1.44,1.44,M,YG,10.58,9,N,N,,
6/29/23,T9,25-177,0.9,1.03,1.32,F,YO,26.31,9,N,N,,
6/29/23,T9,25-179,0.97,0.9,1,F,YG,20.92,9,N,N,,
6/29/23,T9,25-166,1.84,1.19,1.75,F,Y,31.76,9,N,N,,
6/29/23,T9,25-178,0.78,0.65,0.71,M,YG,27.42,9,N,N,,
6/29/23,T9,25-180,1.47,18,1.18,F,G,15.72,8,Y,N,,MISSING L2
6/29/23,T9,25-169,1.75,1.28,1.5,M,Y,41.95,9,N,N,,
7/3/23,T1,5-002,3.04,6.45,5.28,M,Y,30.12,9,N,N,,
7/3/23,T1,5-003,2.04,2,2.39,M,G,21.9,9,N,N,,
7/3/23,T1,5-005,5.13,3.83,3.42,M,YG,17.4,9,N,N,,
7/3/23,T1,5-014,2.21,1.34,2.22,M,G,21.53,9,N,N,,
7/3/23,T1,5-181,1.27,1.53,0.95,F,G,18.99,9,N,N,,
7/3/23,T1,5-006,1.94,1.88,1.78,M,G,13.87,9,N,N,,
7/3/23,T1,5-001,1.15,1.83,1.36,M,Y,37.01,9,N,N,,
7/3/23,T1,5-013,1.97,1.69,1.59,M,Y,36.85,9,N,N,,
7/3/23,T2,15-031,1.03,1.13,1.09,M,Y,20.42,9,N,N,,
7/3/23,T2,15-035,1.09,1.66,1.6,F,G,23.41,9,N,N,,
7/3/23,T2,15-036,1.03,0.69,1.63,M,Y,24.7,10,N,N,,didn't drop sampled leg
7/3/23,T2,15-040,0.97,1.06,1.03,F,G,26.76,9,N,N,,
7/3/23,T2,15-183,2.03,2.16,3.13,F,YG,29.76,9,N,N,,
7/3/23,T2,15-042,1.1,0.87,1.06,M,YG,15.53,9,N,N,,
7/3/23,T2,15-037,1.62,1.18,1.63,M,Y,48.43,9,N,N,,
7/3/23,T2,15-033,3.38,2.09,2.91,M,Y,30.8,9,N,N,,
7/3/23,T3,25-046,0.91,1.72,1.19,M,Y,26.23,9,N,N,,
7/3/23,T3,25-047,1.44,1.22,1.56,M,YG,23.98,9,N,N,,
7/3/23,T3,25-052,1.37,1.09,1.32,M,YG,18.94,9,N,N,,
7/3/23,T3,25-060,0.82,0.81,1.37,M,YG,21.6,9,N,N,,
7/3/23,T3,25-185,0.75,0.85,0.72,F,YG,20.12,9,N,N,,
7/3/23,T3,25-048,1,1.78,1.22,M,Y,27.76,9,N,N,,
7/3/23,T3,25-058,1.06,1.19,1.16,M,Y,28.09,10,N,N,,didn't drop sampled leg
7/3/23,T3,25-186,1,1.46,1.66,F,Y,20.24,9,N,N,,
7/3/23,T4,5-061,0.94,1.12,1.25,M,YG,25.11,9,N,N,,
7/3/23,T4,5-068,1.65,1.31,1.28,M,YG,23.4,9,N,N,,
7/3/23,T4,5-070,0.97,1.09,1.47,M,Y,25.4,9,N,N,,
7/3/23,T4,5-071,1.44,1.4,1.78,M,Y,27.16,9,N,N,,
7/3/23,T4,5-073,1.75,1.41,2.19,M,Y,20.75,9,N,N,,
7/3/23,T4,5-066,1.68,4.6,1.28,M,Y,47.38,9,N,N,,
7/3/23,T4,5-187,2.53,2.53,1.59,M,Y,15.62,9,N,N,,
7/3/23,T4,5-072,1.16,1.85,2.81,F,YG,11.11,9,N,N,,
7/3/23,T5,15-094,0.88,1,0.97,F,YG,23.93,9,N,N,,
7/3/23,T5,15-096,2.25,1.97,1,F,YG,23.27,9,N,N,,
7/3/23,T5,15-097,1.06,1.06,0.78,M,Y,23.52,9,N,N,,
7/3/23,T5,15-098,1.41,1.53,2.62,F,Y,21.37,9,N,N,,
7/3/23,T5,15-100,1.44,1,1.03,F,Y,24.22,9,N,N,,
7/3/23,T5,15-095,1.12,1.15,1,M,Y,26.68,9,N,N,,
7/3/23,T5,15-104,5.34,2.22,3.88,M,Y,29.48,9,N,N,,
7/3/23,T5,15-103,0.91,0.84,1.18,M,Y,26.91,9,N,N,,
7/3/23,T6,25-155,1.75,1.19,0.87,M,Y,22.03,9,N,N,,
7/3/23,T6,25-166,0.94,1.63,1.82,F,Y,20.25,9,N,N,,
7/3/23,T6,25-117,2.97,2.66,3.57,M,Y,26.28,9,N,N,,
7/3/23,T6,25-118,1,0.69,1.44,F,G,17.39,9,N,N,,
7/3/23,T6,25-195,1.38,2.37,1.47,F,YG,21.05,9,N,N,,
7/3/23,T6,25-193,1.94,1.75,1.59,M,Y,30.05,9,N,N,,
7/3/23,T6,25-109,1,0.88,1.37,M,Y,47.65,9,N,N,,
7/3/23,T6,25-112,1.07,1.28,1.72,M,Y,41.07,9,N,N,,
7/3/23,T7,5-125,1.78,1.57,2.59,M,G,19.47,8,Y,Y,,missing L5
7/3/23,T7,5-126,1.32,1.53,1.6,M,Y,23.4,9,N,N,,
7/3/23,T7,5-130,1.38,1.88,1.81,F,Y,16.1,8,Y,Y,,sampled wrong leg
7/3/23,T7,5-131,2.78,1.97,1.57,M,Y,22.59,9,N,N,,
7/3/23,T7,5-135,1.78,3.28,1.72,F,YG,20.74,8,Y,Y,,missing R5
7/3/23,T7,5-127,1.37,1.54,1.9,M,Y,28.6,8,Y,N,,missing R1
7/3/23,T7,5-129,1.19,2,1.81,F,G,18.55,9,N,N,,
7/3/23,T7,5-124,1.47,1.44,2.72,M,Y,37.9,8,Y,N,,missing L3
7/3/23,T8,15-158,1.12,1.25,1.22,F,Y,20.44,8,Y,N,,missing L4
7/3/23,T8,15-159,1.59,0.78,1,F,YG,19.78,9,N,N,,
7/3/23,T8,15-160,1.28,1.25,1,M,Y,20.67,9,N,N,,
7/3/23,T8,15-155,1.31,1.47,1.09,F,G,16.17,9,N,N,,
7/3/23,T8,15-163,1.31,1.31,0.59,M,G,23.44,9,N,N,,injury on underside
7/3/23,T8,15-156,1.13,1.13,1.09,M,Y,25.74,9,N,N,,
7/3/23,T8,15-200,1.4,1.59,1.72,F,G,25.4,9,N,N,,
7/3/23,T8,15-154,0.91,1.06,0.94,M,Y,29.28,10,N,N,,didn't drop sampled leg
7/3/23,T9,25-170,0.65,1.03,0.93,M,G,24.91,9,N,N,,
7/3/23,T9,25-177,0.78,0.63,0.78,F,Y,26.11,9,N,N,,
7/3/23,T9,25-174,0.63,0.72,0.94,M,YG,20.08,9,N,N,,
7/3/23,T9,25-175,0.75,1.41,1.06,F,G,19.67,9,N,N,,
7/3/23,T9,25-179,0.91,0.9,0.81,F,G,21.06,9,N,N,,
7/3/23,T9,25-172,0.87,0.63,1.22,M,Y,25.22,9,N,N,,
7/3/23,T9,25-176,1.47,0.93,1.53,M,Y,17.08,8,Y,N,,missing L1
7/3/23,T9,25-169,0.97,1.13,1.65,M,Y,43.24,9,N,N,,
7/5/23,T1,5-002,4.81,16.03,3,M,Y,30.71,9,N,N,,super glue in lower L joint
7/5/23,T1,5-001,2.06,6.22,7.94,M,Y,37.91,9,N,N,,
7/5/23,T1,5-003,1.43,2.78,3.18,M,YG,22.17,9,N,N,,
7/5/23,T1,5-005,1.93,6.5,8.38,M,Y,17.66,9,N,N,,
7/5/23,T1,5-014,1.94,1.82,1.22,M,Y,24.14,9,N,N,,sampled
7/5/23,T1,5-181,0.69,4.1,7.25,F,G,19.52,9,N,N,,sampled
7/5/23,T1,5-010,1.75,12.85,7.68,F,YG,15.72,9,N,N,,
7/5/23,T1,5-013,1.28,11.87,13.03,M,Y,38.26,9,N,N,,
7/5/23,T2,15-042,0.97,1.06,0.81,M,Y,31.58,9,N,N,,unclear label
7/5/23,T2,15-037,0.87,1.38,1.38,M,Y,48.65,9,N,N,,
7/5/23,T2,15-031,0.94,1.03,1.34,M,YG,20.19,9,N,N,1,
7/5/23,T2,15-035,1.8,1.43,1.09,F,G,22.76,9,N,N,2,
7/5/23,T2,15-036,1.28,1.34,0.81,M,YO,24.27,10,N,N,,"sampled, didn't drop sampled leg"
7/5/23,T2,15-040,0.84,1.03,1.5,F,YG,26.9,9,N,N,,sampled
7/5/23,T2,15-032,2.22,0.72,0.91,M,YG,17.99,9,N,N,3,
7/5/23,T2,15-183,1.18,1.41,0.94,F,YG,29.79,9,N,N,,
7/5/23,T3,25-186,1.38,1.03,1.09,F,YO,19.74,9,N,N,4,
7/5/23,T3,25-052,1.19,1.12,1.72,M,Y,19.09,9,N,N,3,
7/5/23,T3,25-060,1.69,1.12,1.21,M,Y,21.6,9,N,N,2,
7/5/23,T3,25-185,0.97,1.5,1.03,F,Y,19.62,9,N,N,,unclear label
7/5/23,T3,25-048,1.72,1.68,1.1,M,Y,27.62,9,N,N,,sampled
7/5/23,T3,25-058,0.75,0.85,1.03,M,Y,27.72,10,N,N,,"sampled, didn't drop sampled leg"
7/5/23,T3,25-059,1.28,1.19,1.18,M,Y,28.52,9,N,N,,healing carapce injury
7/5/23,T3,25-055,0.9,0.75,1.19,M,Y,12.89,9,N,N,,
7/5/23,T4,5-061,4.72,11.4,12.62,M,G,25.33,9,N,N,4,
7/5/23,T4,5-068,11.28,8.5,10.31,M,G,22.99,9,N,N,2,
7/5/23,T4,5-070,11.88,2.5,6.3,M,YO,25.35,9,N,N,,
7/5/23,T4,5-073,12.09,20.66,11.88,M,Y,20.55,10,N,N,3,didn't drop sampled leg
7/5/23,T4,5-066,8.75,14.03,16.24,M,Y,21.27,9,N,N,,sampled
7/5/23,T4,5-187,14.31,20.68,22.6,M,Y,15.88,9,N,N,,sampled
7/5/23,T4,5-188,8.4,9.53,18.25,M,Y,25.5,9,N,N,,
7/5/23,T4,5-064,6.66,8.72,6.1,M,Y,15.66,9,N,N,,
7/5/23,T5,15-094,1.15,0.91,0.94,F,Y,23.96,9,N,N,4,
7/5/23,T5,15-096,1.19,2.16,2.57,F,O,23.27,9,N,N,3,"had eggs, scraped off"
7/5/23,T5,15-097,1.4,1.5,2.47,M,Y,23.11,9,N,N,2,
7/5/23,T5,15-098,1.56,1.69,2,F,Y,21.3,9,N,N,,
7/5/23,T5,15-104,0.87,0.91,0.71,M,Y,29.54,9,N,N,,"sampled, regrowing L4"
7/5/23,T5,15-103,1.96,1.6,1.34,M,Y,26.45,9,N,N,,sampled
7/5/23,T5,15-100,1,1.06,1.07,F,Y,24.54,9,N,N,,
7/5/23,T5,15-101,0.93,0.85,1.13,M,YO,13.38,9,N,N,,
7/5/23,T6,25-115,0.88,0.94,1.41,M,Y,22.49,9,N,N,2,
7/5/23,T6,25-116,0.78,1.54,1.53,F,Y,20.39,9,N,N,4,
7/5/23,T6,25-117,1.6,2.34,3.18,M,Y,26.08,9,N,N,,
7/5/23,T6,25-195,1.4,1.25,1.47,F,Y,20.98,9,N,N,3,
7/5/23,T6,25-193,1,2,1.81,M,Y,30.1,9,N,N,,sampled
7/5/23,T6,25-109,1.25,1,1.22,M,Y,48.06,9,N,N,,sampled
7/5/23,T6,25-113,1.06,1.38,1.44,M,Y,28.72,9,N,N,,
7/5/23,T6,25-108,1.47,1.46,1.53,M,Y,12.83,9,N,N,,
7/5/23,T7,5-125,7.81,16.75,9.88,M,YG,20.43,8,Y,Y,2,missing L5
7/5/23,T7,5-126,7.1,7.38,10.06,M,Y,24.16,9,N,N,,
7/5/23,T7,5-135,8.87,10.34,9.04,F,Y,21.85,8,Y,Y,3,missing R5
7/5/23,T7,5-131,4.29,10.06,11.14,M,Y,22.79,9,N,N,4,
7/5/23,T7,5-127,7.97,7.81,9.5,M,Y,29.12,8,Y,N,,"sampled, missing R1"
7/5/23,T7,5-124,3.87,7.1,4.84,M,YO,37.82,8,Y,N,,"sampled, missing L3"
7/5/23,T7,5-130,2.44,3.53,2.38,F,YG,16.89,9,N,N,,
7/5/23,T7,5-123,6.22,4.41,5.28,M,Y,27.81,8,N,N,,
7/5/23,T8,15-158,1.15,1.68,2.13,F,YO,20.95,9,N,N,2,
7/5/23,T8,15-159,1.12,1.47,1.47,F,YO,19.85,9,N,N,4,
7/5/23,T8,15-160,1.18,1.16,0.97,M,YO,20.65,9,N,N,3,
7/5/23,T8,15-163,0.97,0.91,1.59,M,G,22.75,9,N,N,,
7/5/23,T8,15-154,0.78,1.09,0.87,M,YO,29.24,10,N,N,,"sampled, didn't drop sampled leg"
7/5/23,T8,15-156,0.84,0.75,1.1,M,YO,26.17,9,N,N,,sampled
7/5/23,T8,15-200,1.41,1.03,1.5,F,G,25.56,9,N,N,,
7/5/23,T8,15-199,0.69,1,1.84,M,YG,23.01,9,N,N,,
7/5/23,T9,25-179,0.91,0.97,1.28,F,YG,21.2,9,N,N,3,
7/5/23,T9,25-177,1.28,1.56,1.94,F,YO,26.65,9,N,N,,
7/5/23,T9,25-174,0.53,0.9,0.5,M,G,20.27,9,N,N,4,
7/5/23,T9,25-175,0.79,0.94,0.94,F,YG,19.81,9,N,N,2,
7/5/23,T9,25-180,1.22,1.47,1,F,YO,13.09,8,Y,N,,"sampled, missing L2"
7/5/23,T9,25-169,1.22,1.37,0.87,M,YO,42.1,9,N,N,,sampled
7/5/23,T9,25-171,3.1,12.22,4.63,F,Y,28.53,8,Y,N,,missing R2
7/5/23,T9,25-170,0.78,1,0.75,M,G,25.58,9,N,N,,
7/10/23,T1,5-003,5.1,3.13,3.67,M,YG,21.69,9,N,N,,
7/10/23,T1,5-005,3.41,11.5,14.09,M,Y,17.91,9,N,N,,
7/10/23,T1,5-010,4.37,8.06,5.64,F,YG,15.39,9,N,N,,
7/10/23,T1,5-015,1.63,2.13,1.4,M,Y,36.85,9,N,N,,
7/10/23,T1,5-002,4.41,15.57,15.56,M,Y,30.8,9,N,N,,
7/10/23,T1,5-001,8.78,7.62,5.9,M,YO,38.19,9,N,N,,
7/10/23,T1,5-012,2.72,26.19,19.31,M,Y,12.56,9,N,N,,
7/10/23,T1,5-011,14.81,51.68,91,F,G,19.09,9,N,N,,
7/10/23,T2,15-031,0.81,1.56,1.22,M,Y,19.98,9,N,N,,
7/10/23,T2,15-035,1.35,1.25,1.84,F,YG,23.11,9,N,N,,
7/10/23,T2,15-032,0.97,0.87,1.47,M,YG,17.87,9,N,N,,
7/10/23,T2,15-183,2.19,1.97,2.62,F,YG,30.37,9,N,N,,
7/10/23,T2,15-184,1,1.1,1.37,M,YG,13.33,9,N,N,,
7/10/23,T2,15-037,1.4,1.69,1.41,M,Y,47.78,9,N,N,,
7/10/23,T2,15-033,3.87,2.28,2.28,M,Y,30.31,9,N,N,,
7/10/23,T2,15-042,0.91,1.13,0.88,M,YG,15.43,9,N,N,,
7/10/23,T3,25-186,0.9,1.16,1.19,F,YO,19.96,9,N,N,,
7/10/23,T3,25-052,0.9,0.84,0.84,M,YG,18.86,9,N,N,,
7/10/23,T3,25-060,0.85,1.1,0.97,M,Y,21.86,9,N,N,,
7/10/23,T3,25-185,0.93,0.9,1.21,F,Y,19.15,9,N,N,,unclear label
7/10/23,T3,25-059,1.09,0.87,1.13,M,Y,27.48,9,N,N,,
7/10/23,T3,25-050,0.81,1,1.13,F,Y,16.86,9,N,N,,
7/10/23,T3,25-046,0.72,1.19,1.53,M,Y,26.28,9,N,N,,
7/10/23,T3,25-055,0.6,0.62,0.84,M,Y,13.06,9,N,N,,
7/10/23,T4,5-061,5.54,6.5,5.04,M,G,24.63,9,N,N,,
7/10/23,T4,5-068,2.66,5.59,3.88,M,G,23.77,9,N,N,,
7/10/23,T4,5-073,5.19,7.34,6.47,M,Y,20.55,9,N,N,,
7/10/23,T4,5-070,4.12,6.22,6.25,M,YO,24.38,9,N,N,,
7/10/23,T4,5-188,11.71,8.72,11.75,M,Y,25.71,9,N,N,,healed carapce injury
7/10/23,T4,5-064,2.94,3.46,4.25,M,Y,16.84,9,N,N,,
7/10/23,T4,5-075,3.25,4.06,5.55,F,Y,29.07,9,N,N,,
7/10/23,T4,5-062,3.28,4.85,3.66,F,YO,30.02,9,N,N,,
7/10/23,T5,15-094,1.25,1.03,1,F,Y,23.93,9,N,N,,
7/10/23,T5,15-096,1.62,2.1,3.25,F,O,22.89,9,N,N,,
7/10/23,T5,15-097,1.35,0.88,1.22,M,Y,23.04,9,N,N,,
7/10/23,T5,15-098,1.84,1.72,2.4,F,YG,21.52,9,N,N,,
7/10/23,T5,15-102,0.88,1.13,0.88,M,Y,15.07,9,N,N,,
7/10/23,T5,15-095,1.09,1.06,1.25,M,Y,26.5,9,N,N,,
7/10/23,T5,15-100,0.91,1.25,1.28,F,Y,24.71,9,N,N,,
7/10/23,T5,15-101,0.88,1.25,1.44,M,YO,13.49,9,N,N,,
7/10/23,T6,25-115,1.12,0.75,0.62,M,Y,21.88,9,N,N,,
7/10/23,T6,25-116,0.88,1.22,1.25,F,Y,20.15,9,N,N,,accidentally placed in bleach bucket with water
7/10/23,T6,25-195,1.06,1,1.19,F,Y,21.06,9,N,N,,
7/10/23,T6,25-117,1.47,1.75,1.56,M,Y,26.27,9,N,N,,
7/10/23,T6,25-108,1.06,0.91,1.12,M,Y,12.66,9,N,N,,L5 injury/snipped off a bit
7/10/23,T6,25-114,1.91,1.53,1.28,M,Y,36.65,9,N,N,,
7/10/23,T6,25-118,0.94,1.18,1.28,F,G,17.25,9,N,N,,
7/10/23,T6,25-113,1.04,0.65,0.78,M,Y,29.76,9,N,N,,
7/10/23,T7,5-125,3.22,2.5,5.81,M,YG,20.35,8,N,Y,,missing L5
7/10/23,T7,5-135,12.91,11.94,8.44,F,Y,21.33,8,N,Y,,missing R5
7/10/23,T7,5-131,0.94,7.41,5.12,M,Y,23.02,9,N,N,,
7/10/23,T7,5-126,2.38,2.47,2.53,M,Y,24.03,9,N,N,,
7/10/23,T7,5-196,2.78,3.47,4.06,F,Y,14.71,9,N,N,,
7/10/23,T7,5-123,4.31,4.32,7.87,M,Y,28.96,9,N,N,,
7/10/23,T7,5-132,2.06,2.28,2.47,M,YG,17.55,9,N,N,,
7/10/23,T7,5-128,2.25,4.44,2.75,M,YG,14.43,9,N,N,,
7/10/23,T8,15-158,1.6,1.65,2,F,Y,20.49,8,Y,N,,missing L4
7/10/23,T8,15-159,1.53,1.59,2.34,F,Y,20.06,9,N,N,,
7/10/23,T8,15-160,1.06,1.16,1.37,M,Y,20.68,9,N,N,,
7/10/23,T8,15-163,1.03,0.94,0.85,M,G,23.06,9,N,N,,carapce injury
7/10/23,T8,15-157,2.22,1.65,2.28,F,Y,19.75,9,N,N,,
7/10/23,T8,15-151,0.78,1.38,1.62,F,Y,22.17,9,N,N,,
7/10/23,T8,15-200,1.6,1.59,0.75,F,YG,24.76,9,N,N,,
7/10/23,T8,15-155,0.97,1,1.09,F,YG,16.54,9,N,N,,L4 injury
7/10/23,T9,25-179,0.84,1.1,1.19,F,YG,20.96,9,N,N,,
7/10/23,T9,25-174,0.72,1.03,0.81,M,YG,20.78,9,N,N,,
7/10/23,T9,25-175,0.85,0.91,1.41,F,YG,19.97,9,N,N,,
7/10/23,T9,25-177,0.91,0.84,1.16,F,YO,26.85,9,N,N,,
7/10/23,T9,25-171,3.69,11.97,6.25,F,Y,28.09,8,Y,N,,"missing R2, hole near L1"
7/10/23,T9,25-176,1.06,0.78,1.13,M,Y,17.23,8,Y,N,,missing L1
7/10/23,T9,25-178,0.81,1.12,0.75,M,YG,28.11,9,N,N,,
7/10/23,T9,25-166,0.87,1.22,0.85,M,Y,31.82,9,N,N,,
7/12/23,T1,5-003,4.72,4.78,5.68,M,G,21.95,9,N,N,4,
7/12/23,T1,5-005,10.65,11.34,22.47,M,YG,17.37,9,N,N,2,
7/12/23,T1,5-010,4.47,2.84,4.82,F,G,15.36,9,N,N,3,
7/12/23,T1,5-011,2.76,1.69,3.34,F,G,16.26,9,N,N,,
7/12/23,T1,5-002,5.31,6.88,4.88,M,Y,30.35,9,N,N,,
7/12/23,T1,5-006,2.69,6.22,4.41,M,YG,13.82,9,N,N,,
7/12/23,T1,5-008,2.59,3.15,1.97,M,G,42.82,9,N,N,,
7/12/23,T1,5-001,1.88,3.37,4.99,M,Y,38.21,9,N,N,,
7/12/23,T2,15-031,1.03,1.22,1.44,M,YG,20.22,8,Y,Y,2,partially missing L5
7/12/23,T2,15-032,0.78,0.78,0.87,M,G,18.13,9,N,N,3,
7/12/23,T2,15-035,2.19,1.28,1.38,F,Y,23.23,9,N,N,4,
7/12/23,T2,15-183,1.4,1,2.56,F,YG,30.95,9,N,N,,
7/12/23,T2,15-037,1.28,1.25,1.87,M,Y,49.62,9,N,N,,
7/12/23,T2,15-042,1.22,1.28,2.43,M,Y,15.62,9,N,N,,
7/12/23,T2,15-043,0.84,1.19,0.88,M,YG,10.5,9,N,N,,
7/12/23,T2,15-039,0.97,0.82,1.1,M,YG,12.61,9,N,N,,
7/12/23,T3,25-052,1.28,1.37,1.34,M,Y,18.82,9,N,N,3,
7/12/23,T3,25-060,1.1,2.13,1.89,M,Y,21.58,9,N,N,4,
7/12/23,T3,25-185,1.44,1.65,1.53,F,YO,19.91,9,N,N,,
7/12/23,T3,25-186,1.5,1.97,1.56,F,O,19.96,9,N,N,2,
7/12/23,T3,25-059,1.43,1.44,1.34,M,Y,27.48,9,N,N,,
7/12/23,T3,25-043,1.1,1.43,1.19,M,YG,23.9,9,N,N,,carapace injury on underside
7/12/23,T3,25-046,1.03,1.91,1.43,M,Y,26.52,9,N,N,,carapace injury on underside
7/12/23,T3,25-055,1.25,1.09,1.38,M,YG,12.87,9,N,N,,
7/12/23,T4,5-061,1.69,2.09,1.81,M,BG,24.96,9,N,N,,
7/12/23,T4,5-068,2.15,1.91,2.07,M,G,23.43,9,N,N,,
7/12/23,T4,5-070,2.56,3.31,6.63,M,YO,24.55,9,N,N,,
7/12/23,T4,5-073,6.53,2.85,3.84,M,YG,20.45,10,N,N,,didn't drop sampled leg
7/12/23,T4,5-071,2.56,1.28,3.03,M,YG,27.62,9,N,N,,
7/12/23,T4,5-072,1.94,3.6,5.22,F,YG,12.22,9,N,N,,
7/12/23,T4,5-067,3.62,2.87,2.59,F,YO,9.39,8,Y,N,,missing L3
7/12/23,T4,5-065,2.25,2.78,2.19,F,YG,15.83,9,N,N,,
7/12/23,T5,15-094,1.13,0.97,0.97,F,Y,24.44,9,N,N,2,
7/12/23,T5,15-096,1.31,1.41,1.09,F,O,22.98,9,N,N,3,
7/12/23,T5,15-097,1.04,0.94,0.87,M,YO,22.86,9,N,N,4,
7/12/23,T5,15-098,1.41,2.16,2.25,F,YO,21.13,9,N,N,,
7/12/23,T5,15-100,1.09,0.93,1.04,F,YG,24.72,9,N,N,,
7/12/23,T5,15-095,1.1,1,1.22,M,Y,26.77,9,N,N,,
7/12/23,T5,15-102,0.88,0.93,1.03,M,Y,15.13,9,N,N,,
7/12/23,T5,15-099,2.15,1.06,0.82,M,Y,28.29,9,N,N,,
7/12/23,T6,25-115,1.29,1.16,1.88,M,Y,21.63,9,N,N,3,
7/12/23,T6,25-116,1.31,1.09,1.31,F,Y,20.25,9,N,N,2,
7/12/23,T6,25-117,1.34,1.72,1.47,M,Y,26.26,9,N,N,,
7/12/23,T6,25-195,1.09,1.38,1.43,F,YO,20.91,9,N,N,4,
7/12/23,T6,25-113,1.41,1.22,1.66,M,Y,29.83,9,N,N,,
7/12/23,T6,25-112,1.59,1.34,1.72,M,Y,41.01,9,N,N,,
7/12/23,T6,25-114,1.22,1.53,1.75,M,Y,34.07,9,N,N,,
7/12/23,T6,25-108,1.47,1.34,1.09,M,YO,12.86,9,N,N,,dead few hours after TTR taken
7/12/23,T7,5-125,4.75,5.44,4.65,M,YG,20.5,8,Y,Y,3,missing L5
7/12/23,T7,5-126,3.28,2.79,2.62,M,Y,23.86,9,N,N,,
7/12/23,T7,5-131,6.19,6.87,7.44,M,Y,22.97,9,N,N,2,
7/12/23,T7,5-135,2.85,7.09,4.75,F,Y,21.28,8,Y,Y,4,missing R5
7/12/23,T7,5-132,2.03,2.84,2.62,M,G,17.23,9,N,N,,
7/12/23,T7,5-196,4.72,4.12,7.75,F,YG,14.68,9,N,N,,
7/12/23,T7,5-123,2.78,3.38,3.15,M,YG,28.54,9,N,N,,
7/12/23,T7,5-128,2.16,2.75,3.75,M,G,14.01,9,N,N,,
7/12/23,T8,15-158,1.12,1.47,1.5,F,YO,24,8,Y,N,4,missing L4
7/12/23,T8,15-159,1.94,1.53,1.31,F,Y,19.82,9,N,N,3,
7/12/23,T8,15-160,0.78,0.91,1.38,M,Y,21.1,9,N,N,2,
7/12/23,T8,15-163,1.09,0.72,0.66,M,G,23.43,9,N,N,,carapace underside injury
7/12/23,T8,15-200,1.15,1.13,1.56,F,YG,25,9,N,N,,
7/12/23,T8,15-151,1.63,1.75,2.12,F,Y,21.65,9,N,N,,
7/12/23,T8,15-162,1.38,1.28,1.44,F,O,21.17,9,N,N,,
7/12/23,T8,15-199,1.03,0.81,1.22,M,Y,13.41,9,N,N,,
7/12/23,T9,25-174,2.22,1.19,1.5,M,YG,20.55,9,N,N,3,
7/12/23,T9,25-175,1.22,1.93,1.63,F,YG,20.01,9,N,N,2,
7/12/23,T9,25-176,1.12,1.43,1.6,M,YG,17.22,8,Y,N,,missing R1
7/12/23,T9,25-179,1.69,1.53,1.69,F,G,21.41,9,N,N,4,
7/12/23,T9,25-166,1.59,2.13,2.19,M,YG,32.87,9,N,N,,carapce injury near R5
7/12/23,T9,25-171,4.25,9.96,3,F,YO,28.42,8,Y,N,,"missing L2, injury to carapace near L1"
7/12/23,T9,25-172,1.68,1.87,1.59,M,Y,25.2,9,N,N,,
7/12/23,T9,25-178,1.47,1.93,1.47,M,YG,28.1,9,N,N,,
7/17/23,T1,5-003,8.47,5.79,3.9,M,YG,22.16,9,N,N,,
7/17/23,T1,5-005,4.94,13.37,11.31,M,Y,17.57,9,N,N,,
7/17/23,T1,5-010,4.25,6.12,9,F,YG,15.41,9,N,N,,
7/17/23,T1,5-011,9.69,7.59,8.28,F,G,16.58,9,N,N,,
7/17/23,T1,5-006,8.57,9.01,10.57,M,Y,13.83,9,N,N,,
7/17/23,T1,5-002,7.88,10.44,8.5,M,YO,31.01,9,N,N,,superglue in bottom left joint
7/17/23,T1,5-001,3.88,3.91,5.03,M,Y,39.14,9,N,N,,
7/17/23,T1,5-015,1.44,3,2.12,M,Y,36.74,9,N,N,,
7/17/23,T2,15-031,0.75,0.97,1.22,M,Y,20.43,9,N,N,,
7/17/23,T2,15-032,1.03,1.12,0.94,M,YG,17.88,9,N,N,,
7/17/23,T2,15-035,1.5,0.91,1.06,F,YO,23.35,9,N,N,,
7/17/23,T2,15-184,0.91,1.41,1.31,M,Y,13.42,9,N,N,,
7/17/23,T2,15-033,3.22,3.91,2.75,M,YG,30.05,9,N,N,,
7/17/23,T2,15-042,1.31,1.41,0.94,M,Y,15.59,9,N,N,,
7/17/23,T2,15-043,1.56,0.97,1,M,YG,10.13,9,N,N,,
7/17/23,T2,15-183,2.06,1.72,2.66,F,YG,30.92,9,N,N,,
7/17/23,T3,25-052,1.31,1.28,1,M,Y,18.97,9,N,N,,
7/17/23,T3,25-060,0.9,0.69,1,M,Y,21.53,9,N,N,,
7/17/23,T3,25-185,0.75,0.97,0.81,F,O,19.49,9,N,N,,
7/17/23,T3,25-186,1,0.87,1,F,O,19.93,9,N,N,,
7/17/23,T3,25-059,1,0.91,1.1,M,Y,27.62,9,N,N,,
7/17/23,T3,25-057,0.78,1,0.88,M,Y,14.76,10,N,N,,
7/17/23,T3,25-050,1.19,1.28,0.87,F,O,17.01,9,N,N,,
7/17/23,T3,25-046,1.13,1.53,1.13,M,Y,26.35,9,N,N,,
7/17/23,T4,5-061,6.91,12,7.56,M,G,25.23,9,N,N,,
7/17/23,T4,5-068,2.13,3.97,3.66,M,G,23.38,9,N,N,,
7/17/23,T4,5-070,8.9,14.78,5.21,M,YO,24.64,9,N,N,,
7/17/23,T4,5-073,8,9.81,8.96,M,Y,20.43,10,N,N,,
7/17/23,T4,5-065,2.34,4.71,2.25,F,YG,16.06,9,N,N,,
7/17/23,T4,5-071,4.28,7.19,3.75,M,YG,27.88,9,N,N,,
7/17/23,T4,5-188,3.66,10.72,9.19,M,Y,25.9,9,N,N,,healed carapace injury
7/17/23,T4,5-062,2.34,2.28,2.12,F,YO,30.28,9,N,N,,
7/17/23,T5,15-094,0.94,1.28,1.07,F,Y,24.21,9,N,N,,
7/17/23,T5,15-096,0.81,0.85,0.9,F,O,22.48,9,N,N,,
7/17/23,T5,15-097,1.09,1.35,1.72,M,YO,22.94,9,N,N,,
7/17/23,T5,15-098,1.85,1.66,2.1,F,O,21.98,9,N,N,,
7/17/23,T5,15-100,0.85,0.75,1.35,F,YO,25.06,9,N,N,,
7/17/23,T5,15-095,1.25,1.29,1.12,M,Y,26.99,9,N,N,,
7/17/23,T5,15-101,0.94,1.06,1.03,M,O,13.6,9,N,N,,
7/17/23,T5,15-191,1,1.19,1.22,M,Y,15.91,8,Y,N,,missing R2
7/17/23,T6,25-115,0.75,0.9,0.78,M,Y,21.93,9,N,N,,
7/17/23,T6,25-116,0.78,0.84,1,F,O,20.29,9,N,N,,
7/17/23,T6,25-117,1.41,1.72,1.93,M,YO,25.97,9,N,N,,
7/17/23,T6,25-195,0.93,0.88,0.84,F,O,21.37,9,N,N,,
7/17/23,T6,25-113,0.81,0.68,0.6,M,Y,29.95,9,N,N,,
7/17/23,T6,25-118,1.75,0.87,1.19,F,O,17.94,9,N,N,,
7/17/23,T6,25-112,1.09,0.93,1.06,M,Y,41.28,9,N,N,,
7/17/23,T6,25-114,1.06,1.03,1,M,Y,34.21,9,N,N,,
7/17/23,T7,5-125,1.38,4.25,4.37,M,YG,20.46,8,Y,Y,,missing L5
7/17/23,T7,5-126,2.5,5.07,4.47,M,Y,23.82,9,N,N,,
7/17/23,T7,5-131,9.25,8.59,8.44,M,Y,22.95,9,N,N,,
7/17/23,T7,5-135,2.38,8.18,5.63,F,Y,20.69,8,Y,Y,,missing R5
7/17/23,T7,5-129,3.25,5.72,4.19,F,YG,19.15,9,N,N,,
7/17/23,T7,5-132,2.81,3.82,2.88,M,YG,17.55,9,N,N,,
7/17/23,T7,5-123,5.12,6.09,6.66,M,Y,28.68,9,N,N,,
7/17/23,T7,5-134,73.87,13.87,7.65,M,YO,12.5,9,N,N,,
7/17/23,T8,15-158,1.5,1.13,1.41,F,YO,19.91,8,Y,N,,missing L4
7/17/23,T8,15-159,1.66,1.04,1.28,F,O,20.16,9,N,N,,
7/17/23,T8,15-160,0.94,0.88,1,M,YO,20.95,9,N,N,,
7/17/23,T8,15-163,1.03,0.82,1.09,M,G,23.15,9,N,N,,
7/17/23,T8,15-199,0.84,1.43,0.78,M,Y,13.29,9,N,N,,
7/17/23,T8,15-151,1.53,1.09,1.78,F,YO,21.08,9,N,N,,
7/17/23,T8,15-200,1.28,1.85,1.09,F,O,24.67,9,N,N,,
7/17/23,T8,15-155,0.97,1,1.75,F,YO,16.6,9,N,N,,
7/17/23,T9,25-174,0.87,1,0.91,M,YG,20.7,9,N,N,,
7/17/23,T9,25-175,0.75,0.78,1.03,F,YG,20.04,9,N,N,,
7/17/23,T9,25-176,0.84,1.16,0.97,M,Y,17.07,8,Y,N,,missing L1
7/17/23,T9,25-179,1.04,1.35,0.88,F,G,20.95,9,N,N,,
7/17/23,T9,25-178,0.93,0.85,1.03,M,YG,27.79,9,N,N,,
7/17/23,T9,25-166,1.54,1.32,1.47,M,YO,31.36,9,N,N,,
7/17/23,T9,25-171,7.75,34.78,2.66,F,O,28.46,8,Y,N,,"missing R2, injury near L1"
7/17/23,T9,25-177,1.03,1.44,1.63,F,O,26.3,9,N,N,,
7/19/23,T1,5-003,1.78,4.31,4.59,M,Y,22.21,9,N,N,4,
7/19/23,T1,5-005,5.12,12.88,6.44,M,Y,17.89,9,N,N,2,
7/19/23,T1,5-010,6.03,6.75,7.59,F,YG,15.44,9,N,N,3,
7/19/23,T1,5-011,7.46,1.56,5.16,F,G,15.6,9,N,N,,
7/19/23,T1,5-002,4.97,6.62,8.09,M,Y,30.98,9,N,N,,
7/19/23,T1,5-012,7.03,9.94,26.4,M,Y,12.28,9,N,N,,
7/19/23,T1,5-006,3.84,8.53,2.72,M,Y,13.7,9,N,N,,
7/19/23,T1,5-008,6,3.53,3.75,M,Y,42.16,9,N,N,,
7/19/23,T2,15-031,1.18,0.96,1.26,M,YG,20.2,9,N,N,3,
7/19/23,T2,15-032,1.39,1.24,0.98,M,YG,17.87,9,N,N,4,
7/19/23,T2,15-035,1.63,1.36,1.03,F,YO,23.24,9,N,N,2,
7/19/23,T2,15-033,5.05,9.23,3.64,M,YG,31.12,9,N,N,,
7/19/23,T2,15-043,1.16,1.38,1.61,M,YG,10.31,9,N,N,,
7/19/23,T2,15-042,2.89,2.01,2.32,M,Y,31.89,9,N,N,,
7/19/23,T2,15-037,1.48,1.69,1.36,M,Y,47.81,9,N,N,,
7/19/23,T2,15-039,1.19,0.98,1.03,M,YG,12.45,9,N,N,,
7/19/23,T3,25-052,0.81,0.79,0.66,M,Y,19.12,9,N,N,2,
7/19/23,T3,25-060,1.03,1.36,1.48,M,Y,22.73,9,N,N,4,
7/19/23,T3,25-185,0.61,0.69,0.81,F,O,19.53,9,N,N,,
7/19/23,T3,25-186,0.93,0.94,0.86,F,O,20.2,9,N,N,3,
7/19/23,T3,25-055,0.73,1.09,0.61,M,YG,13.04,9,N,N,,
7/19/23,T3,25-054,0.46,1.34,1.19,M,Y,46.18,9,N,N,,
7/19/23,T3,25-046,0.73,0.78,0.74,M,Y,26.63,9,N,N,,
7/19/23,T3,25-059,0.89,1.03,1.03,M,Y,27.81,9,N,N,,
7/19/23,T4,5-061,3.8,4.29,4.76,M,BG,25.35,9,N,N,4,
7/19/23,T4,5-068,2.86,7.27,4.39,M,G,23.32,9,N,N,3,
7/19/23,T4,5-070,2.88,4.34,2.18,M,YO,24.5,9,N,N,,
7/19/23,T4,5-073,4.81,5.21,6.43,M,Y,20.44,9,N,N,2,
7/19/23,T4,5-071,2.38,3.25,4.09,M,Y,28.02,9,N,N,,
7/19/23,T4,5-064,3.91,4.13,7.42,M,Y,16.84,9,N,N,,
7/19/23,T4,5-188,3.33,4.67,10.19,M,Y,25.62,9,N,N,,
7/19/23,T4,5-072,10.74,8.32,10.77,F,G,12.17,9,N,N,,
7/19/23,T5,15-094,1.54,1.43,0.91,F,YO,24.9,9,N,N,4,
7/19/23,T5,15-096,1.04,1.29,1.44,F,O,23.01,9,N,N,3,
7/19/23,T5,15-097,1.16,1.71,1.46,M,YO,23.01,9,N,N,2,
7/19/23,T5,15-098,1.38,1.69,1.98,F,O,21.28,9,N,N,,
7/19/23,T5,15-191,0.83,0.88,1.11,M,Y,16.07,8,Y,N,,missing R2
7/19/23,T5,15-095,1.49,1.68,1.89,M,Y,26.67,9,N,N,,
7/19/23,T5,15-100,0.96,0.97,1.38,F,O,24.58,9,N,N,,
7/19/23,T5,15-099,2.76,5.67,5.92,M,Y,28.46,9,N,N,,
7/19/23,T6,25-115,0.63,0.78,0.71,M,Y,22.34,9,N,N,2,
7/19/23,T6,25-116,0.74,0.83,0.64,F,YO,20.63,9,N,N,3,
7/19/23,T6,25-117,1.33,0.84,0.99,M,YO,25.43,9,N,N,,
7/19/23,T6,25-195,0.94,1.13,0.88,F,O,21.74,9,N,N,4,
7/19/23,T6,25-118,0.64,0.93,0.68,F,O,17.43,9,N,N,,
7/19/23,T6,25-112,0.48,0.94,0.73,M,Y,41.04,9,N,N,,
7/19/23,T6,25-114,0.71,1.61,1.09,M,Y,34.06,9,N,N,,
7/19/23,T6,25-113,1.04,1.01,1.21,M,Y,30.35,9,N,N,,
7/19/23,T7,5-125,7.59,4.96,2.78,M,YG,20.35,8,Y,Y,2,missing L5
7/19/23,T7,5-126,3.69,4.19,3.86,M,Y,23.76,9,N,N,,
7/19/23,T7,5-131,6.65,5.43,8.31,M,Y,23.07,9,N,N,3,
7/19/23,T7,5-135,3.26,8.83,8.03,F,Y,20.79,8,Y,Y,4,missing R5
7/19/23,T7,5-123,3.08,8.89,11.05,M,Y,28.32,9,N,N,,
7/19/23,T7,5-129,5.34,4.78,8.26,F,YG,18.81,9,N,N,,
7/19/23,T7,5-196,3.19,3.41,3.31,F,YG,14.57,9,N,N,,
7/19/23,T7,5-134,17.21,18.07,18.11,M,YO,12.16,8,Y,N,,missing R4
7/19/23,T8,15-158,1.16,1.89,1.41,F,O,19.82,8,Y,N,2,missing L4
7/19/23,T8,15-159,1.39,1.13,1.69,F,O,20.16,9,N,N,3,
7/19/23,T8,15-160,1.06,1.09,2.01,M,YO,20.99,9,N,N,4,
7/19/23,T8,15-163,0.94,0.98,1.11,M,YG,23.05,9,N,N,,healed carapace injury
7/19/23,T8,15-153,0.88,1.63,0.74,M,YG,27.94,9,N,N,,
7/19/23,T8,15-162,1.14,0.88,0.94,F,O,20.96,9,N,N,,
7/19/23,T8,15-151,0.99,0.76,1.11,F,Y,21.78,9,N,N,,
7/19/23,T8,15-200,1.31,1.31,1.42,F,O,25.31,9,N,N,,
7/19/23,T9,25-174,1.76,1.43,1.14,M,YG,20.72,9,N,N,2,
7/19/23,T9,25-175,0.69,0.94,0.76,F,YG,20.11,9,N,N,3,
7/19/23,T9,25-176,0.69,0.71,0.73,M,Y,17.22,8,Y,N,,missing L1
7/19/23,T9,25-179,0.97,0.83,0.88,F,YO,20.87,9,N,N,4,
7/19/23,T9,25-177,1.56,1,1.03,F,O,26.16,9,N,N,,
7/19/23,T9,25-170,0.63,0.69,0.74,M,YG,25.27,9,N,N,,
7/19/23,T9,25-171,2.47,2.43,2.94,F,O,28.37,8,Y,N,,missing R2; healed carapace injury near L1
7/19/23,T9,25-172,0.81,0.71,0.74,M,Y,25.18,9,N,N,,
7/24/23,T1,5-003,5.11,4.86,4.78,M,YG,21.87,9,N,N,,
7/24/23,T1,5-005,10.45,10.14,7.52,M,Y,17.42,9,N,N,,
7/24/23,T1,5-010,7.38,9.98,5.93,F,YG,15.33,9,N,N,,
7/24/23,T1,5-011,8.11,6.58,6.38,F,G,16.17,9,N,N,,
7/24/23,T1,5-002,12.03,12.11,11.36,M,Y,30.35,9,N,N,,
7/24/23,T1,5-012,3.01,4.76,4.76,M,Y,12.14,8,Y,,,missing R2
7/24/23,T1,5-008,2.16,5.14,5.29,M,YG,43.15,9,N,N,,
7/24/23,T1,5-013,2.91,6.07,9.22,M,Y,37.1,9,N,N,,
7/24/23,T2,15-031,1.01,1.08,1.31,M,Y,20.11,9,N,N,,
7/24/23,T2,15-032,1.49,0.98,0.88,M,YG,17.94,9,N,N,,
7/24/23,T2,15-035,1.46,1.26,1.26,F,O,23.95,9,N,N,,
7/24/23,T2,15-043,1.28,1.86,1.13,M,Y,10.24,9,N,N,,
7/24/23,T2,15-037,1.21,1.13,1.18,M,Y,47.65,9,N,N,,
7/24/23,T2,15-039,1.09,1.09,0.76,M,YG,12.53,9,N,N,,
7/24/23,T2,15-183,1.43,1.31,1.46,F,YG,30.74,9,N,N,,
7/24/23,T2,15-041,1.46,1.08,1.73,M,Y,15.54,9,N,N,,
7/24/23,T3,25-052,0.61,0.91,0.93,M,Y,18.97,9,N,N,,
7/24/23,T3,25-060,0.81,0.98,0.94,M,Y,22.21,9,N,N,,
7/24/23,T3,25-185,0.61,0.73,0.69,F,O,20,9,N,N,,
7/24/23,T3,25-186,0.76,0.58,0.63,F,O,20.43,9,N,N,,
7/24/23,T3,25-059,0.61,1.08,0.8,M,Y,28.5,9,N,N,,
7/24/23,T3,25-055,0.73,1.13,1.31,M,Y,13.16,9,N,N,,
7/24/23,T3,25-050,0.79,0.94,0.76,F,O,15.94,9,N,N,,
7/24/23,T3,25-046,0.73,0.76,0.83,M,Y,26.88,9,N,N,,
7/24/23,T4,5-061,1.51,5.48,6.09,M,BG,25.42,9,N,N,,
7/24/23,T4,5-068,3.64,2.09,5.14,M,G,23.34,9,N,N,,
7/24/23,T4,5-070,6.33,6.7,10.95,M,YO,24.91,9,N,N,,
7/24/23,T4,5-073,8.25,5.58,8.9,M,Y,20.43,10,N,N,,
7/24/23,T4,5-071,3.35,4.15,4.2,M,Y,27.84,9,N,N,,
7/24/23,T4,5-064,3.09,3.04,3.93,M,Y,16.65,9,N,N,,
7/24/23,T4,5-188,5.21,4.05,8.29,M,Y,25.19,9,N,N,,
7/24/23,T4,5-065,1.81,1.95,2.04,F,Y,16.41,9,N,N,,
7/24/23,T5,15-094,0.93,1.26,1.26,F,O,24.32,9,N,N,,
7/24/23,T5,15-096,1.86,2.23,1.71,F,O,23.25,9,N,N,,
7/24/23,T5,15-097,0.83,1.23,1.43,M,YO,23.35,9,N,N,,
7/24/23,T5,15-098,1.81,1.61,1.64,F,O,21.98,9,N,N,,
7/24/23,T5,15-099,1.56,1.64,1.96,M,Y,28.12,9,N,N,,
7/24/23,T5,15-191,1.11,1.39,1.28,M,Y,16.08,8,Y,N,,missing R2
7/24/23,T5,15-100,1.34,1.73,1.18,F,O,24.86,9,N,N,,
7/24/23,T5,15-093,1.93,1.34,3.84,M,Y,42,9,N,N,,
7/24/23,T6,25-115,0.43,0.61,0.63,M,Y,22.52,9,N,N,,
7/24/23,T6,25-116,0.71,0.79,0.89,F,YO,20.59,9,N,N,,
7/24/23,T6,25-117,1.19,2.61,3.01,M,YO,26.68,9,N,N,,
7/24/23,T6,25-195,1.04,1.48,1.11,F,O,21.16,9,N,N,,
7/24/23,T6,25-112,0.98,0.76,0.53,M,YO,41.64,9,N,N,,
7/24/23,T6,25-114,0.91,0.59,0.76,M,Y,34.18,9,N,N,,
7/24/23,T6,25-113,0.93,0.98,1.01,M,Y,30.36,9,N,N,,
7/24/23,T6,25-107,0.66,0.84,0.88,F,YO,8.17,9,N,N,,
7/24/23,T7,5-125,4.21,4.91,3.19,M,YG,20.68,8,Y,Y,,missing L5
7/24/23,T7,5-126,6.81,4.81,11.63,M,Y,23.91,9,N,N,,
7/24/23,T7,5-131,8.1,10.71,14.85,M,Y,23.13,9,N,N,,
7/24/23,T7,5-135,2.88,4.28,4.84,F,Y,21.15,8,Y,Y,,missing R5
7/24/23,T7,5-196,2.44,5.86,5.51,F,Y,16.39,8,Y,Y,,missing R5
7/24/23,T7,5-123,2.66,2.74,29.26,M,Y,27.6,9,N,N,,
7/24/23,T7,5-128,2.49,3.18,4.09,M,Y,14.53,9,N,N,,
7/24/23,T7,5-129,3.25,7.15,6.65,F,Y,25.09,9,N,N,,
7/24/23,T8,15-158,1.09,2.39,1.23,F,O,20.73,8,Y,N,,missing L4
7/24/23,T8,15-159,1.86,1.29,0.91,F,O,20.38,9,N,N,,
7/24/23,T8,15-162,1.16,1.11,1.06,F,O,20.83,9,N,N,,
7/24/23,T8,15-163,1.73,1.18,1.46,M,G,23.14,9,N,N,,
7/24/23,T8,15-153,0.74,0.91,1.38,M,G,28.38,9,N,N,,
7/24/23,T8,15-200,1.73,1.21,1.38,F,O,25.37,9,N,N,,
7/24/23,T8,15-199,3.9,2.08,2.11,M,YG,13.52,9,N,N,,
7/24/23,T8,15-151,1.01,2.42,1.03,F,Y,21.67,9,N,N,,
7/24/23,T9,25-174,0.94,0.88,1.16,M,YG,20.97,9,N,N,,
7/24/23,T9,25-175,0.56,0.61,0.91,F,Y,20.21,9,N,N,,
7/24/23,T9,25-176,1.03,1.01,1.58,M,YO,17.16,8,Y,N,,missing L1
7/24/23,T9,25-179,1.13,0.68,0.84,F,O,21.31,9,N,N,,
7/24/23,T9,25-171,1.21,1.53,1.56,F,O,28.19,8,Y,N,,missing R2
7/24/23,T9,25-177,1.06,1.06,1.03,F,O,26.76,9,N,N,,
7/24/23,T9,25-172,0.99,1.03,0.98,M,Y,25.23,9,N,N,,
7/24/23,T9,25-170,1.09,0.74,0.79,M,YG,25.65,9,N,N,,
7/26/23,T1,5-003,0.78,2.53,4.95,M,Y,22.4,9,N,N,2,
7/26/23,T1,5-005,3.92,9.7,15.66,M,Y,17.65,9,N,N,4,
7/26/23,T1,5-010,8.2,10.16,7.93,F,YG,15.58,9,N,N,3,
7/26/23,T1,5-011,1.03,4.96,5.32,F,G,16.48,9,N,N,,
7/26/23,T1,5-008,5.92,4.64,5.91,M,YG,43.2,9,N,N,,
7/26/23,T1,5-001,3.1,3.86,3.66,M,Y,38.4,9,N,N,,
7/26/23,T1,5-006,5.85,6.64,9.1,M,Y,13.83,9,N,N,,
7/26/23,T1,5-015,2.23,35.35,2.37,M,Y,36.87,9,N,N,,
7/26/23,T2,15-031,1.09,0.68,1.13,M,YG,20.24,9,N,N,,
7/26/23,T2,15-032,1.23,1.13,1.06,M,YG,18.1,9,N,N,,
7/26/23,T2,15-035,1.09,1.08,1.78,F,YO,23.7,9,N,N,,
7/26/23,T2,15-184,0.94,1.01,1.44,M,Y,13.38,9,N,N,,
7/26/23,T2,15-039,0.63,0.83,1.01,M,YO,12.7,9,N,N,,
7/26/23,T2,15-042,1.24,0.88,1.43,M,Y,15.66,9,N,N,,
7/26/23,T2,15-033,2.86,1.59,2.06,M,YG,30.19,9,N,N,,
7/26/23,T2,15-183,1.53,1.39,1.19,F,YG,31.1,9,N,N,,
7/26/23,T3,25-052,0.38,0.4,0.82,M,YG,19.35,9,N,N,,
7/26/23,T3,25-060,0.93,0.57,0.55,M,Y,21.95,9,N,N,,
7/26/23,T3,25-185,0.6,0.58,0.71,F,O,19.8,9,N,N,,
7/26/23,T3,25-186,0.5,0.71,0.49,F,O,20.43,9,N,N,,
7/26/23,T3,25-057,0.53,0.5,0.83,M,O,14.79,10,N,N,,
7/26/23,T3,25-046,0.75,0.52,0.74,M,Y,26.88,9,N,N,,
7/26/23,T3,25-048,0.79,0.54,0.68,M,YG,24.25,9,N,N,,
7/26/23,T3,25-050,0.66,0.76,0.55,F,O,17.21,9,N,N,,
7/26/23,T4,5-061,3.29,3.28,8.55,M,BG,25.43,9,N,N,2,
7/26/23,T4,5-068,2.52,2.96,4.4,M,G,23.6,9,N,N,3,
7/26/23,T4,5-070,2.81,4.34,4.18,M,YO,24.7,9,N,N,,
7/26/23,T4,5-073,6.22,3.79,4.65,M,YG,20.57,10,N,N,4,
7/26/23,T4,5-067,10.03,7.91,14.92,F,G,9.32,8,Y,Y,,missing R5
7/26/23,T4,5-065,1.55,2.33,4.08,F,YG,16.23,9,N,N,,
7/26/23,T4,5-188,4.4,6.02,6.04,M,Y,25.48,9,N,N,,
7/26/23,T4,5-072,5.76,8.81,8.2,F,G,11.97,9,N,N,,
7/26/23,T5,15-094,0.81,0.71,0.7,F,YO,24.66,9,N,N,,
7/26/23,T5,15-096,1.26,1.16,1.24,F,O,23.34,9,N,N,,
7/26/23,T5,15-097,1.41,0.86,0.68,M,YO,25.84,9,N,N,,
7/26/23,T5,15-098,1.86,1.21,1.71,F,O,21.76,9,N,N,,
7/26/23,T5,15-095,0.94,1.03,1.04,M,Y,27.67,9,N,N,,
7/26/23,T5,15-101,0.81,1.08,1.31,M,O,18.74,9,N,N,,
7/26/23,T5,15-100,1.19,1.16,0.73,F,O,25.16,9,N,N,,
7/26/23,T5,15-099,1.14,1.61,1.01,M,Y,41.9,9,N,N,,
7/26/23,T6,25-115,0.51,0.49,0.49,M,Y,22.56,9,N,N,,
7/26/23,T6,25-116,0.57,0.64,0.81,F,YO,20.83,9,N,N,,
7/26/23,T6,25-117,1.13,0.85,3.51,M,YO,26.15,9,N,N,,
7/26/23,T6,25-195,0.45,0.42,1.19,F,O,21.72,9,N,N,,
7/26/23,T6,25-113,0.42,0.58,0.56,M,Y,30.89,9,N,N,,
7/26/23,T6,25-107,0.65,1.27,0.73,F,YO,8.72,9,N,N,,
7/26/23,T6,25-108,0.44,0.52,1.13,F,O,17.99,9,N,N,,
7/26/23,T7,5-125,3.27,7.59,7.59,M,YG,20.32,8,Y,Y,2,missing L5
7/26/23,T7,5-126,2.46,4.09,2.35,M,Y,23.9,9,N,N,,
7/26/23,T7,5-131,3.63,8.32,14.09,M,Y,23.37,9,N,N,3,
7/26/23,T7,5-135,2.78,3.81,4.36,F,Y,21.43,8,Y,Y,4,missing R5
7/26/23,T7,5-132,1.77,1.97,3.95,M,YG,17.44,9,N,N,,
7/26/23,T7,5-128,1.44,1.74,3.38,M,YG,14.49,9,N,N,,
7/26/23,T7,5-129,1.61,6.5,5.6,F,YG,18.81,9,N,N,,
7/26/23,T7,5-196,2.92,3.46,2.58,F,YG,14.82,9,N,N,,
7/26/23,T8,15-158,1.83,1.46,1.48,F,O,20.08,8,Y,N,,missing L4
7/26/23,T8,15-159,2.19,1.93,2.09,F,O,20.9,9,N,N,,
7/26/23,T8,15-162,1.06,1.08,0.98,F,O,21.29,9,N,N,,
7/26/23,T8,15-163,0.95,0.91,0.86,M,YG,23.45,9,N,N,,
7/26/23,T8,15-151,1.33,1.04,0.99,F,Y,21.59,9,N,N,,
7/26/23,T8,15-199,1.03,1.24,1.06,M,YG,13.47,9,N,N,,
7/26/23,T8,15-201,1.03,1.38,1.59,M,YO,17.48,8,Y,N,,missing R4
7/26/23,T8,15-155,1.28,1.06,1.23,F,YO,16.87,9,N,N,,
7/26/23,T9,25-174,0.93,0.57,0.51,M,YG,20.97,9,N,N,2,
7/26/23,T9,25-175,0.43,0.59,0.7,F,YG,20.29,9,N,N,3,
7/26/23,T9,25-176,0.43,1.06,2.05,M,Y,21.23,8,Y,N,,"missing L1, was actively molting so put it in the freezer trash bag"
7/26/23,T9,25-179,0.83,0.75,0.48,F,YO,21.14,9,N,N,4,
7/26/23,T9,25-170,0.55,0.66,0.75,M,YG,25.43,9,N,N,,
7/26/23,T9,25-178,1.04,0.46,0.7,M,Y,28.08,9,N,N,,
7/26/23,T9,25-172,0.75,0.81,0.64,M,O,25.43,9,N,N,,
8/9/23,T1,5-003,4.08,7.28,6.87,M,YG,22.16,9,N,N,3,
8/9/23,T1,5-005,5.62,4.37,6.96,M,YO,17.86,9,N,N,2,
8/9/23,T1,5-010,3.84,5.08,5.21,M,Y,15.51,9,N,N,4,
8/9/23,T1,5-011,4.81,4.95,0.9,F,YG,16.57,9,N,N,,
8/9/23,T1,5-008,2.67,4.79,4.84,M,YG,43.27,9,N,N,,
8/9/23,T1,5-001,3.65,3.38,3.55,M,Y,37.39,8,Y,N,,missing R2
8/9/23,T1,5-006,12.95,24.71,17.05,M,Y,13.91,9,N,N,,missing 2/3 segements on R5
8/9/23,T1,5-013,2.64,1.4,19.59,M,Y,37.07,9,N,N,,
8/9/23,T2,15-031,0.62,0.55,1.22,M,YO,21.09,9,N,N,4,
8/9/23,T2,15-032,0.53,0.87,0.75,M,Y,18.79,9,N,N,2,
8/9/23,T2,15-035,0.8,0.98,0.89,F,YO,24.6,9,N,N,3,
8/9/23,T2,15-033,1.22,1.38,4.37,M,YG,31.24,9,N,N,,
8/9/23,T2,15-039,0.58,0.31,0.45,M,Y,13.12,9,N,N,,
8/9/23,T2,15-042,0.72,0.97,0.59,M,Y,33.28,9,N,N,,
8/9/23,T2,15-183,0.93,1.51,0.95,F,Y,32.29,9,N,N,,
8/9/23,T3,25-052,0.53,0.59,0.55,M,Y,19.71,9,N,N,2,
8/9/23,T3,25-060,0.64,0.86,0.68,M,Y,22.79,9,N,N,3,
8/9/23,T3,25-185,0.48,0.58,0.56,F,YO,20.68,9,N,N,,
8/9/23,T3,25-186,0.61,0.52,0.62,F,O,20.41,9,N,N,4,
8/9/23,T3,25-057,0.59,0.83,1.21,M,YO,15.6,10,N,N,,
8/9/23,T3,25-046,0.56,0.6,0.64,M,Y,27.55,9,N,N,,
8/9/23,T3,25-048,0.58,0.63,0.69,M,YG,24.8,9,N,N,,
8/9/23,T3,25-050,0.56,0.86,0.67,F,YO,18.09,9,N,N,,
8/9/23,T3,25-054,0.84,0.97,0.91,M,Y,46.34,9,N,N,,
8/9/23,T4,5-061,5.36,6.74,4.93,M,G,25.69,9,N,N,3,
8/9/23,T4,5-068,1.12,0.82,2.34,M,YG,23.99,9,N,N,4,
8/9/23,T4,5-065,3.06,2.48,5.78,F,Y,15.93,9,N,N,,
8/9/23,T4,5-073,5.75,6.2,4.55,M,YG,20.59,9,N,N,2,
8/9/23,T4,5-067,91,91,91,F,Y,10.04,8,Y,Y,,"missing R5, missing tip of L5, maybe actively dying?"
8/9/23,T4,5-188,4.62,6.95,4.91,M,Y,25.43,9,N,N,,
8/9/23,T4,5-062,1.74,1.73,3.08,F,Y,29.31,9,N,N,,
8/9/23,T4,5-072,5.62,4.37,3.14,F,YG,11.89,8,Y,N,,missing R2
8/9/23,T5,15-094,0.65,0.62,0.58,F,O,25.01,9,N,N,4,
8/9/23,T5,15-096,0.76,1.23,1.93,F,O,24.15,9,N,N,3,
8/9/23,T5,15-097,0.79,0.68,0.69,M,O,23.9,9,N,N,2,
8/9/23,T5,15-098,1.29,1.37,1.02,F,O,22.25,9,N,N,,
8/9/23,T5,15-093,3.41,2.5,5.64,M,Y,45.89,9,N,N,,
8/9/23,T5,15-095,0.98,0.82,1.98,M,YG,27.7,9,N,N,,
8/9/23,T5,15-100,0.7,0.83,0.52,F,O,25.98,9,N,N,,
8/9/23,T5,15-101,0.56,0.88,0.53,M,O,14.28,9,N,N,,
8/9/23,T6,25-115,0.61,0.53,0.58,M,Y,22.9,9,N,N,3,
8/9/23,T6,25-116,0.72,0.48,0.79,F,YO,21.29,9,N,N,4,
8/9/23,T6,25-117,1.54,1.8,1.23,M,YO,27.14,9,N,N,,
8/9/23,T6,25-195,0.6,0.59,0.85,F,YO,22.44,9,N,N,2,
8/9/23,T6,25-113,0.44,0.58,0.95,M,Y,31.85,9,N,N,,
8/9/23,T6,25-118,0.94,0.93,0.82,F,YO,18.61,9,N,N,,
8/9/23,T7,5-125,2.86,6.27,5.36,M,YG,20.2,7,Y,Y,3,"missing R5, L5"
8/9/23,T7,5-126,1.95,4.2,2.56,M,Y,23.82,9,N,N,,
8/9/23,T7,5-131,5.78,7.62,9.45,M,Y,23.48,9,N,N,4,
8/9/23,T7,5-135,3.35,5.55,3.65,F,Y,21.53,8,Y,Y,2,missing R5
8/9/23,T7,5-128,3.09,2.62,4.29,M,YG,14.44,9,N,N,,
8/9/23,T7,5-196,3.13,3.41,6.58,M,Y,14.67,9,N,N,,
8/9/23,T7,5-129,1.57,2.64,4.8,F,Y,18.87,9,N,N,,
8/9/23,T7,5-132,1.8,2.87,2.16,M,YG,17.58,9,N,N,,
8/9/23,T8,15-158,1.13,0.83,1.11,F,O,21.46,8,Y,N,4,missing R4
8/9/23,T8,15-159,0.67,1.31,1.3,F,O,20.83,9,N,N,2,
8/9/23,T8,15-162,1.55,0.45,0.72,F,O,21.1,9,N,N,,
8/9/23,T8,15-163,0.83,0.8,0.85,M,YG,24.57,9,N,N,3,
8/9/23,T8,15-151,1.81,1.37,0.79,F,O,22.89,9,N,N,,
8/9/23,T8,15-201,1.15,1.04,1.38,M,YO,17.72,8,Y,N,,missing R4
8/9/23,T8,15-155,1.52,1.25,0.75,F,O,17.27,9,N,N,,
8/9/23,T9,25-174,0.92,0.79,0.68,M,YG,21.27,9,N,N,3,
8/9/23,T9,25-175,0.73,0.91,0.66,F,Y,20.79,9,N,N,2,
8/9/23,T9,25-179,1.01,0.74,0.83,F,Y,21.29,9,N,N,4,
8/9/23,T9,25-170,0.64,0.9,0.7,M,Y,26.42,9,N,N,,
8/9/23,T9,25-178,0.49,0.61,0.67,M,YG,29.11,9,N,N,,
8/9/23,T9,25-172,0.94,0.55,0.56,M,YO,27.24,9,N,N,,
8/16/23,T1,5-003,5.18,7.52,10.17,M,YG,22.71,9,N,N,3,
8/16/23,T1,5-005,2.69,5.14,5.48,M,YO,17.82,9,N,N,2,
8/16/23,T1,5-010,2.72,4.26,2.43,F,Y,15.59,9,N,N,4,
8/16/23,T1,5-006,5.44,11.49,15.43,M,Y,14.03,9,N,N,,missing last segment of R5
8/16/23,T1,5-011,3.78,2.8,6.68,F,YG,16.62,9,N,N,,
8/16/23,T1,5-013,20.94,15.33,45.35,M,Y,31.15,6,Y,Y,,"missing L5, R2, R4. illegible label, guessed that this one was 5-013 since the other was 5-015"
8/16/23,T1,5-015,2.2,55.74,1.53,M,Y,37.65,9,N,N,,"illegible label, guessed that this one was 5-015 based on last digit"
8/16/23,T4,5-061,4.17,5.31,5.23,M,G,25.51,9,N,N,2,
8/16/23,T4,5-068,3.12,5.26,6.69,M,YG,24.07,9,N,N,,disappeared?! and then found near dry ice only after respirometry was done
8/16/23,T4,5-073,5.29,7.48,5.36,M,YG,20.69,10,N,N,3,didn't drop sampled leg
8/16/23,T4,5-062,1.93,1.42,2,F,O,30.36,9,N,N,,
8/16/23,T4,5-065,3.67,5.66,6.35,F,Y,16.59,9,N,N,,
8/16/23,T4,5-072,3.79,6.07,4.18,F,YG,12.11,8,Y,N,,missing R2
8/16/23,T4,5-075,3.39,4.56,4.8,F,Y,24.44,9,N,N,,
8/16/23,T7,5-125,7.31,6.75,7.08,M,Y,20.35,7,Y,Y,3,missing L5 and R5
8/16/23,T7,5-131,5.86,7.07,5.99,M,Y,23.34,9,N,N,2,
8/16/23,T7,5-135,5.31,7.53,9.62,F,Y,21.53,8,Y,Y,4,missing R5
8/16/23,T7,5-126,2.18,2.18,3.17,M,YO,23.56,9,N,N,,
8/16/23,T7,5-129,4.04,6.34,5.17,F,YO,19,9,N,N,,
8/16/23,T7,5-132,1.28,2.4,2.66,M,Y,17.52,9,N,N,,